/*
 Navicat Premium Data Transfer

 Source Server         : localhost
 Source Server Type    : MySQL
 Source Server Version : 100128
 Source Host           : localhost:3306
 Source Schema         : pcru_car_reservation

 Target Server Type    : MySQL
 Target Server Version : 100128
 File Encoding         : 65001

 Date: 10/08/2018 16:37:39
*/

SET NAMES utf8mb4;
SET FOREIGN_KEY_CHECKS = 0;

-- ----------------------------
-- Table structure for car
-- ----------------------------
DROP TABLE IF EXISTS `car`;
CREATE TABLE `car`  (
  `id` int(10) UNSIGNED NOT NULL AUTO_INCREMENT,
  `type` int(11) NOT NULL,
  `name` varchar(50) CHARACTER SET utf8mb4 COLLATE utf8mb4_unicode_ci NOT NULL,
  `plate_number` varchar(20) CHARACTER SET utf8mb4 COLLATE utf8mb4_unicode_ci NOT NULL,
  `province` varchar(30) CHARACTER SET utf8mb4 COLLATE utf8mb4_unicode_ci NOT NULL,
  `brand` varchar(20) CHARACTER SET utf8mb4 COLLATE utf8mb4_unicode_ci NOT NULL,
  `car_year` varchar(5) CHARACTER SET utf8mb4 COLLATE utf8mb4_unicode_ci NOT NULL,
  `default_driver` int(11) NOT NULL,
  `status` int(11) NOT NULL,
  `created_at` timestamp(0) NULL DEFAULT NULL,
  `updated_at` timestamp(0) NULL DEFAULT NULL,
  PRIMARY KEY (`id`) USING BTREE
) ENGINE = InnoDB AUTO_INCREMENT = 25 CHARACTER SET = utf8mb4 COLLATE = utf8mb4_unicode_ci ROW_FORMAT = Compact;

-- ----------------------------
-- Records of car
-- ----------------------------
INSERT INTO `car` VALUES (1, 1, 'รถยนต์โดยสาร (ตู้)', 'ม-3126', 'เพชรบูรณ์', 'MITSUBISHI', '2531', 0, 1, '2017-11-20 09:38:14', '2017-11-20 09:38:14');
INSERT INTO `car` VALUES (2, 5, 'รถยนต์โดยสาร (แวน)', 'ม-2435', 'เพชรบูรณ์', 'MITSUBISHI', '2535', 0, 1, '2017-11-20 09:38:14', '2017-11-20 09:38:14');
INSERT INTO `car` VALUES (3, 1, 'รถยนต์โดยสาร (ตู้)', 'ม-3202', 'เพชรบูรณ์', 'TOYOTA', '2539', 0, 1, '2017-11-20 09:38:14', '2017-11-20 09:38:14');
INSERT INTO `car` VALUES (4, 1, 'รถยนต์โดยสาร (ตู้)', 'นข 42', 'เพชรบูรณ์', 'TOYOTA', '2540', 0, 1, '2017-11-20 09:38:14', '2017-11-20 09:38:14');
INSERT INTO `car` VALUES (5, 1, 'รถยนต์โดยสาร (ตู้)', 'นข 269', 'เพชรบูรณ์', 'TOYOTA', '2542', 0, 1, '2017-11-20 09:38:14', '2017-11-20 09:38:14');
INSERT INTO `car` VALUES (6, 8, 'รถบรรทุก (6 ล้อเล็ก)', '40-0133', 'เพชรบูรณ์', 'ISUZU', '2543', 0, 1, '2017-11-20 09:38:14', '2017-11-20 09:38:14');
INSERT INTO `car` VALUES (7, 3, 'รถบัส (แอร์) 45 ที่นั่ง', '40-0149', 'เพชรบูรณ์', 'VOLVO', '2545', 0, 1, '2017-11-20 09:38:14', '2017-11-20 09:38:14');
INSERT INTO `car` VALUES (8, 1, 'รถยนต์โดยสาร (ตู้)', 'นข 1104', 'เพชรบูรณ์', 'TOYOTA', '2546', 0, 1, '2017-11-20 09:38:14', '2017-11-20 09:38:14');
INSERT INTO `car` VALUES (9, 1, 'รถยนต์โดยสาร (ตู้)', 'นข 1125', 'เพชรบูรณ์', 'NISSAN', '2546', 0, 1, '2017-11-20 09:38:14', '2017-11-20 09:38:14');
INSERT INTO `car` VALUES (10, 2, 'รถยนต์นั่ง 4 ประตู (เก๋ง)', 'กข 2929', 'เพชรบูรณ์', 'TOYOTA', '2546', 0, 1, '2017-11-20 09:38:14', '2017-11-20 09:38:14');
INSERT INTO `car` VALUES (11, 4, 'รถมินิบัส (แอร์) 32 ที่นั่ง', '40-0190', 'เพชรบูรณ์', 'HINO', '2549', 0, 1, '2017-11-20 09:38:14', '2017-11-20 09:38:14');
INSERT INTO `car` VALUES (12, 1, 'รถยนต์โดยสาร (ตู้)', 'นข 1888', 'เพชรบูรณ์', 'TOYOTA', '2551', 0, 1, '2017-11-20 09:38:14', '2017-11-20 09:38:14');
INSERT INTO `car` VALUES (13, 1, 'รถยนต์โดยสาร (ตู้)', 'นข 1889', 'เพชรบูรณ์', 'TOYOTA', '2551', 0, 1, '2017-11-20 09:38:14', '2017-11-20 09:38:14');
INSERT INTO `car` VALUES (14, 2, 'รถยนต์นั่ง 4 ประตู (เก๋ง)', 'กค 6777', 'เพชรบูรณ์', 'HONDA', '2551', 0, 1, '2017-11-20 09:38:14', '2017-11-20 09:38:14');
INSERT INTO `car` VALUES (15, 1, 'รถยนต์โดยสาร (ตู้)', 'นข 2556', 'เพชรบูรณ์', 'HYUNDAI', '2554', 0, 1, '2017-11-20 09:38:14', '2017-11-20 09:38:14');
INSERT INTO `car` VALUES (16, 1, 'รถยนต์โดยสาร (ตู้)', 'นข 2557', 'เพชรบูรณ์', 'HYUNDAI', '2554', 0, 1, '2017-11-20 09:38:14', '2017-11-20 09:38:14');
INSERT INTO `car` VALUES (17, 1, 'รถยนต์โดยสาร (ตู้)', 'นข 2558', 'เพชรบูรณ์', 'HYUNDAI', '2554', 0, 1, '2017-11-20 09:38:14', '2017-11-20 09:38:14');
INSERT INTO `car` VALUES (18, 5, 'รถยนต์โดยสาร (แวนขาวมุก)', 'กจ 9145', 'เพชรบูรณ์', 'ISUZU', '2556', 0, 1, '2017-11-20 09:38:14', '2017-11-20 09:38:14');
INSERT INTO `car` VALUES (19, 1, 'รถยนต์โดยสาร (ตู้)', 'นข 998', 'เพชรบูรณ์', 'TOYOTA', '2556', 0, 1, '2017-11-20 09:38:14', '2017-11-20 09:38:14');
INSERT INTO `car` VALUES (20, 1, 'รถยนต์โดยสาร (ตู้)', 'นข 889', 'เพชรบูรณ์', 'TOYOTA', '2556', 0, 1, '2017-11-20 09:38:14', '2017-11-20 09:38:14');
INSERT INTO `car` VALUES (21, 1, 'รถยนต์บรรทุก (กระบะ)', 'บว 899', 'เพชรบูรณ์', 'TOYOTA', '2556', 0, 1, '2017-11-20 09:38:14', '2017-11-20 09:38:14');
INSERT INTO `car` VALUES (22, 0, 'รถตรวจการณ์', 'กข 1999', 'เพชรบูรณ์', 'HONDA', '2556', 0, 1, '2017-11-20 09:38:14', '2017-11-20 09:38:14');
INSERT INTO `car` VALUES (23, 1, 'รถยนต์โดยสาร (ตู้)', 'นข 988', 'เพชรบูรณ์', 'TOYOTA', '2557', 0, 1, '2017-11-20 09:38:14', '2017-11-20 09:38:14');
INSERT INTO `car` VALUES (24, 3, 'รถบัส (แอร์) 44 ที่นั่ง', '40-0265', 'เพชรบูรณ์', 'VOLVO', '2559', 0, 1, '2017-11-20 09:38:14', '2017-11-20 09:38:14');

-- ----------------------------
-- Table structure for car_type
-- ----------------------------
DROP TABLE IF EXISTS `car_type`;
CREATE TABLE `car_type`  (
  `id` int(11) NOT NULL AUTO_INCREMENT,
  `type` varchar(100) CHARACTER SET utf8mb4 COLLATE utf8mb4_unicode_ci NULL DEFAULT NULL,
  PRIMARY KEY (`id`) USING BTREE
) ENGINE = InnoDB AUTO_INCREMENT = 9 CHARACTER SET = utf8mb4 COLLATE = utf8mb4_unicode_ci ROW_FORMAT = Compact;

-- ----------------------------
-- Records of car_type
-- ----------------------------
INSERT INTO `car_type` VALUES (1, 'รถตู้');
INSERT INTO `car_type` VALUES (2, 'รถเก๋ง');
INSERT INTO `car_type` VALUES (3, 'รถบัส');
INSERT INTO `car_type` VALUES (4, 'รถมินิบัส ');
INSERT INTO `car_type` VALUES (5, 'รถ SUV');
INSERT INTO `car_type` VALUES (6, 'รถกระบะ');
INSERT INTO `car_type` VALUES (7, 'รถบรรทุก');
INSERT INTO `car_type` VALUES (8, 'รถ 6 ล้อ');

-- ----------------------------
-- Table structure for department
-- ----------------------------
DROP TABLE IF EXISTS `department`;
CREATE TABLE `department`  (
  `id` int(10) UNSIGNED NOT NULL AUTO_INCREMENT,
  `department_code` varchar(20) CHARACTER SET utf8mb4 COLLATE utf8mb4_unicode_ci NULL DEFAULT NULL,
  `name` varchar(300) CHARACTER SET utf8mb4 COLLATE utf8mb4_unicode_ci NOT NULL,
  `parrent_code` varchar(20) CHARACTER SET utf8mb4 COLLATE utf8mb4_unicode_ci NULL DEFAULT NULL,
  `level` int(11) NOT NULL,
  `status` int(11) NOT NULL,
  `created_at` timestamp(0) NULL DEFAULT NULL,
  `updated_at` timestamp(0) NULL DEFAULT NULL,
  PRIMARY KEY (`id`) USING BTREE
) ENGINE = InnoDB AUTO_INCREMENT = 208 CHARACTER SET = utf8mb4 COLLATE = utf8mb4_unicode_ci ROW_FORMAT = Compact;

-- ----------------------------
-- Records of department
-- ----------------------------
INSERT INTO `department` VALUES (1, '1', 'มหาวิทยาลัยราชภัฎเพชรบูรณ์', NULL, 1, 1, '2018-07-09 03:12:55', '2018-07-09 03:12:55');
INSERT INTO `department` VALUES (2, '101', 'สำนักงานอธิการบดี', '1', 2, 1, '2018-07-09 03:12:55', '2018-07-09 03:12:55');
INSERT INTO `department` VALUES (3, '10101', 'กองกลาง', '101', 3, 1, '2018-07-09 03:12:55', '2018-07-09 03:12:55');
INSERT INTO `department` VALUES (4, '1010101', 'งานบริหารและธุรการ', '10101', 4, 1, '2018-07-09 03:12:55', '2018-07-09 03:12:55');
INSERT INTO `department` VALUES (5, '1010102', 'งานประชุมและพิธีการ', '10101', 4, 1, '2018-07-09 03:12:55', '2018-07-09 03:12:55');
INSERT INTO `department` VALUES (6, '1010103', 'งานการเจ้าหน้าที่', '10101', 4, 1, '2018-07-09 03:12:55', '2018-07-09 03:12:55');
INSERT INTO `department` VALUES (7, '1010104', 'งานการเงินและบัญชี', '10101', 4, 1, '2018-07-09 03:12:55', '2018-07-09 03:12:55');
INSERT INTO `department` VALUES (8, '1010105', 'งานพัสดุ', '10101', 4, 1, '2018-07-09 03:12:55', '2018-07-09 03:12:55');
INSERT INTO `department` VALUES (9, '1010106', 'งานทรัพย์สินและสวัสดิการ', '10101', 4, 1, '2018-07-09 03:12:55', '2018-07-09 03:12:55');
INSERT INTO `department` VALUES (10, '1010107', 'งานนิติการ', '10101', 4, 1, '2018-07-09 03:12:55', '2018-07-09 03:12:55');
INSERT INTO `department` VALUES (11, '1010108', 'งานประชาสัมพันธ์', '10101', 4, 1, '2018-07-09 03:12:55', '2018-07-09 03:12:55');
INSERT INTO `department` VALUES (12, '1010109', 'ฝ่ายยานพาหนะ', '10101', 4, 1, '2018-07-09 03:12:55', '2018-07-09 03:12:55');
INSERT INTO `department` VALUES (13, '1010110', 'รักษาความปลอดภัย', '10101', 4, 1, '2018-07-09 03:12:55', '2018-07-09 03:12:55');
INSERT INTO `department` VALUES (14, '1010111', 'งานคลัง', '10101', 4, 1, '2018-07-09 03:12:55', '2018-07-09 03:12:55');
INSERT INTO `department` VALUES (15, '10101115', 'หน่วยบ่มเพาะวิสาหกิจ', '10101', 0, 1, '2018-07-09 03:12:55', '2018-07-09 03:12:55');
INSERT INTO `department` VALUES (16, '1010112', 'งานพัฒนากายภาพและสิ่งแวดล้อม', '10101', 4, 1, '2018-07-09 03:12:55', '2018-07-09 03:12:55');
INSERT INTO `department` VALUES (17, '1010113', 'งานกิจการสภามหาวิทยาลัย', '10101', 4, 1, '2018-07-09 03:12:55', '2018-07-09 03:12:55');
INSERT INTO `department` VALUES (18, '10102', 'กองนโยบายและแผน', '101', 3, 1, '2018-07-09 03:12:55', '2018-07-09 03:12:55');
INSERT INTO `department` VALUES (19, '1010201', 'งานบริหารและงานธุรการ', '10102', 4, 1, '2018-07-09 03:12:55', '2018-07-09 03:12:55');
INSERT INTO `department` VALUES (20, '1010202', 'งานวิเคราะห์แผนและงบประมาณ', '102', 4, 1, '2018-07-09 03:12:55', '2018-07-09 03:12:55');
INSERT INTO `department` VALUES (21, '1010203', 'งานวิจัยสถาบันและสารสนเทศ', '10102', 4, 1, '2018-07-09 03:12:55', '2018-07-09 03:12:55');
INSERT INTO `department` VALUES (22, '1010204', 'งานผังแม่บทและออกแบบก่อสร้าง', '10102', 4, 1, '2018-07-09 03:12:55', '2018-07-09 03:12:55');
INSERT INTO `department` VALUES (23, '1010205', 'งานวิเทศสัมพันธ์และบริการภาษาต่างประเทศ', '10102', 4, 1, '2018-07-09 03:12:55', '2018-07-09 03:12:55');
INSERT INTO `department` VALUES (24, '1010206', 'งานประกันคุณภาพการศึกษาและมาตรฐานการศึกษา', '10102', 4, 1, '2018-07-09 03:12:55', '2018-07-09 03:12:55');
INSERT INTO `department` VALUES (25, '10103', 'กองพัฒนานักศึกษา', '101', 3, 1, '2018-07-09 03:12:55', '2018-07-09 03:12:55');
INSERT INTO `department` VALUES (26, '1010301', 'งานบริหารและธุรการ', '10103', 4, 1, '2018-07-09 03:12:55', '2018-07-09 03:12:55');
INSERT INTO `department` VALUES (27, '1010302', 'งานกิจกรรมนักศึกษา', '10103', 4, 1, '2018-07-09 03:12:55', '2018-07-09 03:12:55');
INSERT INTO `department` VALUES (28, '1010303', 'งานบริการและสวัสดิการนักศึกษา', '10103', 4, 1, '2018-07-09 03:12:55', '2018-07-09 03:12:55');
INSERT INTO `department` VALUES (29, '1010304', 'งานทุนการศึกษาและแนะแนวอาชีพ', '10103', 4, 1, '2018-07-09 03:12:55', '2018-07-09 03:12:55');
INSERT INTO `department` VALUES (30, '1010305', 'งานแผนงานและประกันคุณภาพ', '10103', 4, 1, '2018-07-09 03:12:55', '2018-07-09 03:12:55');
INSERT INTO `department` VALUES (31, '1010306', 'งานทุนการศึกษาและการกู้ยืม', '10103', 4, 1, '2018-07-09 03:12:55', '2018-07-09 03:12:55');
INSERT INTO `department` VALUES (32, '1010307', 'งานกีฬา', '10103', 4, 1, '2018-07-09 03:12:55', '2018-07-09 03:12:55');
INSERT INTO `department` VALUES (33, '102', 'คณะครุศาสตร์', '1', 2, 1, '2018-07-09 03:12:55', '2018-07-09 03:12:55');
INSERT INTO `department` VALUES (34, '10201', 'สำนักงานคณบดีคณะครุศาสตร์', '102', 3, 1, '2018-07-09 03:12:55', '2018-07-09 03:12:55');
INSERT INTO `department` VALUES (35, '1020101', 'งานบริหารและธุรการ', '10201', 4, 1, '2018-07-09 03:12:55', '2018-07-09 03:12:55');
INSERT INTO `department` VALUES (36, '1020102', 'งานบริการการศึกษา', '10201', 4, 1, '2018-07-09 03:12:55', '2018-07-09 03:12:55');
INSERT INTO `department` VALUES (37, '1020103', 'งานวิจัยและการวางแผน', '10201', 4, 1, '2018-07-09 03:12:55', '2018-07-09 03:12:55');
INSERT INTO `department` VALUES (38, '1020104', 'งานการเงินและพัสดุ', '10201', 4, 1, '2018-07-09 03:12:55', '2018-07-09 03:12:55');
INSERT INTO `department` VALUES (39, '1020105', 'งานพัฒนาการศึกษา', '10201', 4, 1, '2018-07-09 03:12:55', '2018-07-09 03:12:55');
INSERT INTO `department` VALUES (40, '1020106', 'งานวิจัยและบริการสังคม', '10201', 4, 1, '2018-07-09 03:12:55', '2018-07-09 03:12:55');
INSERT INTO `department` VALUES (41, '1020107', 'งานห้องปฏิบัติการ', '10201', 4, 1, '2018-07-09 03:12:55', '2018-07-09 03:12:55');
INSERT INTO `department` VALUES (42, '1020108', 'โรงเรียนสาธิตมหาวิทยาลัยราชภัฏเพชรบูรณ์', '10201', 4, 1, '2018-07-09 03:12:55', '2018-07-09 03:12:55');
INSERT INTO `department` VALUES (43, '10202', 'สาขาวิชา หลักสูตรและการสอน (หลักสูตรการศึกษา)', '102', 3, 1, '2018-07-09 03:12:55', '2018-07-09 03:12:55');
INSERT INTO `department` VALUES (44, '10203', 'สาขาวิชา บริหารการศึกษา (หลักสูตรประกาศนียบัตรบัณฑิต)', '102', 3, 1, '2018-07-09 03:12:55', '2018-07-09 03:12:55');
INSERT INTO `department` VALUES (45, '10204', 'สาขาวิชา วิจัยการประเมินผลการศึกษา (หลักสูตรครุศาสตร์มหาบัณฑิต)', '102', 3, 1, '2018-07-09 03:12:55', '2018-07-09 03:12:55');
INSERT INTO `department` VALUES (46, '10205', 'สาขาวิชา วิชาชีพครู (หลักสูตรประกาศนียบัตรบัณฑิต)', '102', 3, 1, '2018-07-09 03:12:55', '2018-07-09 03:12:55');
INSERT INTO `department` VALUES (47, '10206', 'สาขาวิชา การบริหารการศึกษา (หลักสูตรครุศาสตรมหาบัณฑิต)', '102', 3, 1, '2018-07-09 03:12:55', '2018-07-09 03:12:55');
INSERT INTO `department` VALUES (48, '10207', 'สาขาวิชา การศึกษาปฐมวัย (หลักสูตรการศึกษา)', '102', 3, 1, '2018-07-09 03:12:55', '2018-07-09 03:12:55');
INSERT INTO `department` VALUES (49, '10208', 'สาขาวิชา ภาษาอังกฤษ (หลักสูตรการศึกษา)', '102', 3, 1, '2018-07-09 03:12:55', '2018-07-09 03:12:55');
INSERT INTO `department` VALUES (50, '10209', 'สาขาวิชา คณิตศาสตร์ (หลักสูตรการศึกษา)', '102', 3, 1, '2018-07-09 03:12:55', '2018-07-09 03:12:55');
INSERT INTO `department` VALUES (51, '10210', 'สาขาวิชา วิทยาศาสตร์ (หลักสูตรการศึกษา)', '102', 3, 1, '2018-07-09 03:12:55', '2018-07-09 03:12:55');
INSERT INTO `department` VALUES (52, '10211', 'สาขาวิชา สังคมศึกษา (หลักสูตรการศึกษา)', '102', 3, 1, '2018-07-09 03:12:55', '2018-07-09 03:12:55');
INSERT INTO `department` VALUES (53, '10212', 'สาขาวิชา คอมพิวเตอร์ศึกษา (หลักสูตรการศึกษา)', '102', 3, 1, '2018-07-09 03:12:55', '2018-07-09 03:12:55');
INSERT INTO `department` VALUES (54, '10213', 'สาขาวิชา พลศึกษาและสุขศึกษา (หลักสูตรการศึกษา)', '102', 3, 1, '2018-07-09 03:12:55', '2018-07-09 03:12:55');
INSERT INTO `department` VALUES (55, '10214', 'กลุ่มวิชา พื้นฐานการศึกษา (หลักสูตรการศึกษา)', '102', 3, 1, '2018-07-09 03:12:55', '2018-07-09 03:12:55');
INSERT INTO `department` VALUES (56, '10215', 'สาขาวิชา การงานอาชีพและเทคโนโลยี(หลักสูตรครุศาสตรบัณฑิต)', '102', 3, 1, '2018-07-09 03:12:55', '2018-07-09 03:12:55');
INSERT INTO `department` VALUES (57, '10216', 'กลุ่มวิชา จิตวิทยาการศึกษาและการแนะแนว (หลักสูตรการศึกษา)', '102', 3, 1, '2018-07-09 03:12:55', '2018-07-09 03:12:55');
INSERT INTO `department` VALUES (58, '10217', 'สาขาวิชา เทคโนโลยีทางการศึกษา', '102', 3, 1, '2018-07-09 03:12:55', '2018-07-09 03:12:55');
INSERT INTO `department` VALUES (59, '10218', 'สาขาวิชา พลศึกษา (หลักสูตรครุศาสตรบัณฑิต ค.บ. 5 ปี)', '102', 3, 1, '2018-07-09 03:12:55', '2018-07-09 03:12:55');
INSERT INTO `department` VALUES (60, '10219', 'สาขาวิชา คณิตศาสตร์ (หลักสูตรครุศาสตรบัณฑิต ค.บ. 5 ปี)', '102', 3, 1, '2018-07-09 03:12:55', '2018-07-09 03:12:55');
INSERT INTO `department` VALUES (61, '10220', 'สาขาวิชา การวิจัยและการพัฒนาการศึกษา (หลักสูตร ค.ม. มหาบัณฑิต)', '102', 3, 1, '2018-07-09 03:12:55', '2018-07-09 03:12:55');
INSERT INTO `department` VALUES (62, '10221', 'สาขาวิชา การวิจัยและการพัฒนาการศึกษา (หลักสูตร ค.ด. ดุษฏีบัณฑิต)', '102', 3, 1, '2018-07-09 03:12:55', '2018-07-09 03:12:55');
INSERT INTO `department` VALUES (63, '10222', 'สาขาวิชา การศึกษาปฐมวัย (หลักสูตรครุศาสตรบัณฑิต ค.บ. 5 ปี)', '102', 3, 1, '2018-07-09 03:12:55', '2018-07-09 03:12:55');
INSERT INTO `department` VALUES (64, '10223', 'สาขาวิชา ภาษาอังกฤษ (ลักสูตรครุศาสตรบัณฑิต ค.บ. 5 ปี)', '102', 3, 1, '2018-07-09 03:12:55', '2018-07-09 03:12:55');
INSERT INTO `department` VALUES (65, '10224', 'สาขาวิชา วิทยาศาสตร์ทั่วไป (หลักสูตรครุศาสตรบัณฑิต ค.บ. 5 ปี)', '102', 3, 1, '2018-07-09 03:12:55', '2018-07-09 03:12:55');
INSERT INTO `department` VALUES (66, '10225', 'กลุ่มวิชาทดสอบและวิจัยการศึกษา', '102', 3, 1, '2018-07-09 03:12:55', '2018-07-09 03:12:55');
INSERT INTO `department` VALUES (67, '10226', 'กลุ่มวิชา เทคโนโลยีและนวัตกรรมทางการศึกษา', '102', 3, 1, '2018-07-09 03:12:55', '2018-07-09 03:12:55');
INSERT INTO `department` VALUES (68, '10227', 'สาขาวิชาภาษาไทย (หลักสูตรครุศาสตรบัณฑิต ค.บ. 5 ปี)', '102', 3, 1, '2018-07-09 03:12:55', '2018-07-09 03:12:55');
INSERT INTO `department` VALUES (69, '10228', 'สาขาวิชา พลศึกษาและสุขศึกษา (หลักสูตรครุศาสตรบัณฑิต ค.บ. 5 ปี)', '102', 3, 1, '2018-07-09 03:12:55', '2018-07-09 03:12:55');
INSERT INTO `department` VALUES (70, '103', 'คณะเทคโนโลยีการเกษตรและเทคโนโลยีอุตสาหกรรม', '1', 2, 1, '2018-07-09 03:12:55', '2018-07-09 03:12:55');
INSERT INTO `department` VALUES (71, '10301', 'สำนักงานคณบดีคณะเทคโนโลยีการเกษตร', '103', 3, 1, '2018-07-09 03:12:55', '2018-07-09 03:12:55');
INSERT INTO `department` VALUES (72, '1030101', 'งานบริหารและธุรการ', '10301', 4, 1, '2018-07-09 03:12:55', '2018-07-09 03:12:55');
INSERT INTO `department` VALUES (73, '1030102', 'งานบริการการศึกษา', '10301', 4, 1, '2018-07-09 03:12:55', '2018-07-09 03:12:55');
INSERT INTO `department` VALUES (74, '1030103', 'งานนโยบายและแผน', '10301', 4, 1, '2018-07-09 03:12:55', '2018-07-09 03:12:55');
INSERT INTO `department` VALUES (75, '1030104', 'งานการเงินและพัสดุ', '10301', 4, 1, '2018-07-09 03:12:55', '2018-07-09 03:12:55');
INSERT INTO `department` VALUES (76, '1030105', 'งานพัฒนานักศึกษา', '10301', 4, 1, '2018-07-09 03:12:55', '2018-07-09 03:12:55');
INSERT INTO `department` VALUES (77, '1030106', 'งานวิจัยและการวางแผน', '10301', 4, 1, '2018-07-09 03:12:55', '2018-07-09 03:12:55');
INSERT INTO `department` VALUES (78, '1030107', 'งานห้องปฏิบัติการ', '10301', 4, 1, '2018-07-09 03:12:55', '2018-07-09 03:12:55');
INSERT INTO `department` VALUES (79, '10302', 'สาขาวิชา เกษตรศาสตร์(การจัดการการเกษตร) (หลักสูตรวิทยาศาสตรบัณฑิต)', '103', 3, 1, '2018-07-09 03:12:55', '2018-07-09 03:12:55');
INSERT INTO `department` VALUES (80, '10303', 'สาขาวิชา เกษตรศาสตร์(คหกิจการอาหาร) (หลักสูตรวิทยาศาสตรบัณฑิต)', '103', 3, 1, '2018-07-09 03:12:55', '2018-07-09 03:12:55');
INSERT INTO `department` VALUES (81, '10304', 'สาขาวิชา เทคโนโลยีอุตสาหกรรม( เทคโนโลยีก่อสร้าง) (หลักสูตรเทคโนโลยีบันฑิต)', '103', 3, 1, '2018-07-09 03:12:55', '2018-07-09 03:12:55');
INSERT INTO `department` VALUES (82, '10305', 'สาขาวิชา เทคโนโลยีอุตสาหกรรม(เทคโนโลยีการผลิต) (หลักสูตรเทคโนโลยีบันฑิต)', '103', 3, 1, '2018-07-09 03:12:55', '2018-07-09 03:12:55');
INSERT INTO `department` VALUES (83, '10306', 'สาขาวิชา เทคโนโลยีไฟฟ้าอุตสาหกรรม (หลักสูตรวิทยาศาสตร์)', '103', 3, 1, '2018-07-09 03:12:55', '2018-07-09 03:12:55');
INSERT INTO `department` VALUES (84, '10307', 'สาขาวิชา คอมพิวเตอร์อุตสาหกรรม (หลักสูตรเทคโนโลยีบัณฑิต)', '103', 3, 1, '2018-07-09 03:12:55', '2018-07-09 03:12:55');
INSERT INTO `department` VALUES (85, '10308', 'สาขาวิชา อิเล็กทรอนิกส์ (หลักสูตรเทคโนโลยี)', '103', 3, 1, '2018-07-09 03:12:55', '2018-07-09 03:12:55');
INSERT INTO `department` VALUES (86, '10309', 'สาขาวิชา ออกแบบผลิตภัณฑ์อุตสาหกรรม (หลักสูตรวิทยาศาสตรบัณฑิต)', '103', 3, 1, '2018-07-09 03:12:55', '2018-07-09 03:12:55');
INSERT INTO `department` VALUES (87, '10310', 'สาขาวิชา เทคโนโลยีอุตสาหกรรม (หลักสูตรวิทยาศาสตร์)', '103', 3, 1, '2018-07-09 03:12:55', '2018-07-09 03:12:55');
INSERT INTO `department` VALUES (88, '10311', 'สาขาวิชา เทคโนโลยีอุตสาหกรรม(เทคโนโลยีไฟฟ้าอุตสาหกรรม) (หลักสูตรเทคโนโลยีบัณฑิต)', '103', 3, 1, '2018-07-09 03:12:55', '2018-07-09 03:12:55');
INSERT INTO `department` VALUES (89, '10312', 'สาขาวิชา เกษตรศาสตร์(สัตวศาสตร์) (หลักสูตรวิทยาศาสตรบัณฑิต)', '103', 3, 1, '2018-07-09 03:12:55', '2018-07-09 03:12:55');
INSERT INTO `department` VALUES (90, '10313', 'สาขาวิชา วิศวกรรมการผลิต(หลักสูตร วิศวกรรมศาสตรบัณฑิต)', '103', 0, 1, '2018-07-09 03:12:55', '2018-07-09 03:12:55');
INSERT INTO `department` VALUES (91, '10314', 'สาขาวิชา วิศวกรรมคอมพิวเตอร์(หลักสูตร วิศวกรรมศาสตรบัณฑิต)', '103', 0, 1, '2018-07-09 03:12:55', '2018-07-09 03:12:55');
INSERT INTO `department` VALUES (92, '10315', 'สาขาวิชา เกษตรศาสตร์(พืชศาสตร์) (หลักสูตรวิทยาศาสตรบัณฑิต)', '103', 3, 1, '2018-07-09 03:12:55', '2018-07-09 03:12:55');
INSERT INTO `department` VALUES (93, '10317', 'สาขาวิชา เทคโนโลยีอุตสาหกรรม(เทคโนโลยีอิเล็กทรอนิกส์) (หลักสูตรเทคโนโลยีบัณฑิต)', '103', 3, 1, '2018-07-09 03:12:55', '2018-07-09 03:12:55');
INSERT INTO `department` VALUES (94, '10318', 'สาขาวิชา เทคโนโลยีอุตสาหกรรม(เทคโนโลยีคอมพิวเตอร์อุตสาหกรรม) (หลักสูตรเทคโนโลยีบัณฑิต)', '103', 3, 1, '2018-07-09 03:12:55', '2018-07-09 03:12:55');
INSERT INTO `department` VALUES (95, '104', 'คณะมนุษยศาสตร์และสังคมศาสตร์', '1', 2, 1, '2018-07-09 03:12:55', '2018-07-09 03:12:55');
INSERT INTO `department` VALUES (96, '10401', 'สำนักงานคณบดีคณะมุษยศาสตร์และสังคมศาสตร์', '104', 3, 1, '2018-07-09 03:12:55', '2018-07-09 03:12:55');
INSERT INTO `department` VALUES (97, '1040101', 'งานบริหารและธุรการ', '10401', 4, 1, '2018-07-09 03:12:55', '2018-07-09 03:12:55');
INSERT INTO `department` VALUES (98, '1040102', 'งานบริการการศึกษา', '10401', 4, 1, '2018-07-09 03:12:55', '2018-07-09 03:12:55');
INSERT INTO `department` VALUES (99, '1040103', 'งานวิจัยและการวางแผน', '10401', 4, 1, '2018-07-09 03:12:55', '2018-07-09 03:12:55');
INSERT INTO `department` VALUES (100, '1040104', 'งานการเงินและพัสดุ', '10401', 4, 1, '2018-07-09 03:12:55', '2018-07-09 03:12:55');
INSERT INTO `department` VALUES (101, '1040105', 'พัฒนาการศึกษา', '10401', 4, 1, '2018-07-09 03:12:55', '2018-07-09 03:12:55');
INSERT INTO `department` VALUES (102, '1040106', 'งานวิจัยและบริการสังคม', '10401', 4, 1, '2018-07-09 03:12:55', '2018-07-09 03:12:55');
INSERT INTO `department` VALUES (103, '1040107', 'งานห้องปฏิบัติการ', '10401', 4, 1, '2018-07-09 03:12:55', '2018-07-09 03:12:55');
INSERT INTO `department` VALUES (104, '10402', 'สาขาวิชา รัฐประศาสนศาสตร์ (หลักสูตรศิลปศาสตร์, หลักสูตรรัฐประศาสนศาสตร์)', '104', 3, 1, '2018-07-09 03:12:55', '2018-07-09 03:12:55');
INSERT INTO `department` VALUES (105, '10403', 'สาขาวิชา ภาษาไทย (หลักสูตรศิลปศาสตร์)', '104', 3, 1, '2018-07-09 03:12:55', '2018-07-09 03:12:55');
INSERT INTO `department` VALUES (106, '10404', 'สาขาวิชา ภาษาอังกฤษ (หลักสูตรศิลปศาสตร์)', '104', 3, 1, '2018-07-09 03:12:55', '2018-07-09 03:12:55');
INSERT INTO `department` VALUES (107, '10405', 'สาขาวิชา การพัฒนาสังคม (หลักสูตรศิลปศาสตร์)', '104', 3, 1, '2018-07-09 03:12:55', '2018-07-09 03:12:55');
INSERT INTO `department` VALUES (108, '10406', 'สาขาวิชา บรรณารักษศาสตร์และสารนิเทศศาสตร์ (หลักสูตรศิลปศาสตร์)', '104', 3, 1, '2018-07-09 03:12:55', '2018-07-09 03:12:55');
INSERT INTO `department` VALUES (109, '10407', 'สาขาวิชา นาฏศิลป์และการละคร (หลักสูตรศิลปศาสตร์)', '104', 3, 1, '2018-07-09 03:12:55', '2018-07-09 03:12:55');
INSERT INTO `department` VALUES (110, '10408', 'สาขาวิชา ดนตรีและการแสดง (หลักสูตรศิลปศาสตร์)', '104', 3, 1, '2018-07-09 03:12:55', '2018-07-09 03:12:55');
INSERT INTO `department` VALUES (111, '10409', 'สาขาวิชา ศิลปกรรม (หลักสูตรศิลปศาสตร์)', '104', 3, 1, '2018-07-09 03:12:55', '2018-07-09 03:12:55');
INSERT INTO `department` VALUES (112, '10410', 'สาขาวิชา นิติศาสตร์ (หลักสูตรนิติศาสตร์)', '104', 3, 1, '2018-07-09 03:12:55', '2018-07-09 03:12:55');
INSERT INTO `department` VALUES (113, '10411', 'สาขาวิชา รัฐศาสตร์ (หลักสูตรศิลปศาสตร์)', '104', 0, 1, '2018-07-09 03:12:55', '2018-07-09 03:12:55');
INSERT INTO `department` VALUES (114, '10412', 'สาขาวิชา สารสนเทศศาสตร์ (หลักสูตรศิลปศาสตร์)', '104', 3, 1, '2018-07-09 03:12:55', '2018-07-09 03:12:55');
INSERT INTO `department` VALUES (115, '10413', 'กลุ่มวิชาพื้นฐาน (พุทธศาสนา)', '104', 0, 1, '2018-07-09 03:12:55', '2018-07-09 03:12:55');
INSERT INTO `department` VALUES (116, '10414', 'สาขาวิชา ภาษาต่างประเทศ (หลักสูตรศิลปศาสตร์)', '104', 0, 1, '2018-07-09 03:12:55', '2018-07-09 03:12:55');
INSERT INTO `department` VALUES (117, '10415', 'สาขาวิชา การบริหารทรัพยากรมนุษย์(หลักสูตรรัฐประศาสนศาสตรบันฑิต)', '104', 3, 1, '2018-07-09 03:12:55', '2018-07-09 03:12:55');
INSERT INTO `department` VALUES (118, '10416', 'สาขาวิชา การบริหารการปกครองท้องถิ่น(หลักสูตรรัฐประศาสนศาสตรบันฑิต)', '104', 3, 1, '2018-07-09 03:12:55', '2018-07-09 03:12:55');
INSERT INTO `department` VALUES (119, '10417', 'สาขาวิชา ภาษาอังกฤษธุรกิจบริการ (หลักสูตรศิลปศาสตร์)', '104', 3, 1, '2018-07-09 03:12:55', '2018-07-09 03:12:55');
INSERT INTO `department` VALUES (120, '10418', 'สาขาวิชา รัฐศาสตร์ (หลักสูตรรัฐศาสตรบัณฑิต)', '104', 3, 1, '2018-07-09 03:12:55', '2018-07-09 03:12:55');
INSERT INTO `department` VALUES (121, '10419', 'สาขาวิชา ดนตรีสากล (หลักสูตรศิลปศาสตรบัณฑิต)', '104', 3, 1, '2018-07-09 03:12:55', '2018-07-09 03:12:55');
INSERT INTO `department` VALUES (122, '10420', 'สาขาวิชา ภาษาอังกฤษ (หลักสูตรศิลปศาสตรมหาบัณฑิต)', '104', 3, 1, '2018-07-09 03:12:55', '2018-07-09 03:12:55');
INSERT INTO `department` VALUES (123, '10421', 'สาขาวิชา ภาษาไทย (หลักสูตรครุศาสตรบัณฑิต)', '104', 3, 1, '2018-07-09 03:12:55', '2018-07-09 03:12:55');
INSERT INTO `department` VALUES (124, '10422', 'กลุ่มวิชาภาษาจีน', '104', 3, 1, '2018-07-09 03:12:55', '2018-07-09 03:12:55');
INSERT INTO `department` VALUES (125, '10423', 'สาขาวิชา รัฐประศาสนศาสตร์ (หลักสูตรรัฐประศาสนศาสตรบัณฑิต)', '104', 3, 1, '2018-07-09 03:12:55', '2018-07-09 03:12:55');
INSERT INTO `department` VALUES (126, '10424', 'สาขาวิชา รัฐประศาสนศาสตร์ (หลักสูตรรัฐประศาสนศาสตรมหาบัณฑิต ,หลักสูตรรัฐประศาสนศาสตรดุษฎีบัณฑิต)', '104', 3, 1, '2018-07-09 03:12:55', '2018-07-09 03:12:55');
INSERT INTO `department` VALUES (127, '10425', 'สาขาวิชา ยุทธศาสตร์การพัฒนาตามหลักปรัชญาของเศรษฐกิจพอเพียง (หลักสูตรรัฐประศาสนศาสตรบัณฑิต)', '104', 3, 1, '2018-07-09 03:12:55', '2018-07-09 03:12:55');
INSERT INTO `department` VALUES (128, '105', 'คณะวิทยาการจัดการ', '1', 2, 1, '2018-07-09 03:12:55', '2018-07-09 03:12:55');
INSERT INTO `department` VALUES (129, '10501', 'สำนักงานคณบดีคณะวิทยาการจัดการ', '105', 3, 1, '2018-07-09 03:12:55', '2018-07-09 03:12:55');
INSERT INTO `department` VALUES (130, '1050101', 'งานบริหารและธุรการ', '10501', 4, 1, '2018-07-09 03:12:55', '2018-07-09 03:12:55');
INSERT INTO `department` VALUES (131, '1050102', 'งานบริการการศึกษา', '10501', 4, 1, '2018-07-09 03:12:55', '2018-07-09 03:12:55');
INSERT INTO `department` VALUES (132, '1050103', 'งานวิจัยและการวางแผน', '10501', 4, 1, '2018-07-09 03:12:55', '2018-07-09 03:12:55');
INSERT INTO `department` VALUES (133, '1050104', 'งานการเงินและพัสดุ', '10501', 4, 1, '2018-07-09 03:12:55', '2018-07-09 03:12:55');
INSERT INTO `department` VALUES (134, '1050105', 'งานพัฒนานักศึกษา', '10501', 4, 1, '2018-07-09 03:12:55', '2018-07-09 03:12:55');
INSERT INTO `department` VALUES (135, '1050106', 'งานวิจัยและบริการสังคม', '10501', 4, 1, '2018-07-09 03:12:55', '2018-07-09 03:12:55');
INSERT INTO `department` VALUES (136, '1050107', 'งานห้องปฏิบัติการ', '10501', 4, 1, '2018-07-09 03:12:55', '2018-07-09 03:12:55');
INSERT INTO `department` VALUES (137, '10502', 'สาขาวิชา เศรษฐศาสตร์ (หลักสูตรศิลปศาสตรบัณฑิต)', '105', 3, 1, '2018-07-09 03:12:55', '2018-07-09 03:12:55');
INSERT INTO `department` VALUES (138, '10503', 'สาขาวิชา การบัญชี (หลักสูตรบัญชีบัณฑิต)', '105', 3, 1, '2018-07-09 03:12:55', '2018-07-09 03:12:55');
INSERT INTO `department` VALUES (139, '10504', 'สาขาวิชา นิเทศศาสตร์ (หลักสูตรศิลปศาสตรบัณฑิต)', '105', 3, 1, '2018-07-09 03:12:55', '2018-07-09 03:12:55');
INSERT INTO `department` VALUES (140, '10505', 'สาขาวิชา การจัดการทรัพยากรมนุษย์ (หลักสูตรบริหารธุรกิจบัณฑิต)', '105', 3, 1, '2018-07-09 03:12:55', '2018-07-09 03:12:55');
INSERT INTO `department` VALUES (141, '10506', 'สาขาวิชา การตลาด (หลักสูตรบริการธุรกิจบัณฑิต)', '105', 3, 1, '2018-07-09 03:12:55', '2018-07-09 03:12:55');
INSERT INTO `department` VALUES (142, '10507', 'สาขาวิชา การจัดการทั่วไป (หลักสูตรบริหารธุรกิจ)', '105', 3, 1, '2018-07-09 03:12:55', '2018-07-09 03:12:55');
INSERT INTO `department` VALUES (143, '10508', 'สาขาวิชา การท่องเที่ยวและการโรงแรม (หลักสูตรศิลปศาสตรบัณฑิต)', '105', 3, 1, '2018-07-09 03:12:55', '2018-07-09 03:12:55');
INSERT INTO `department` VALUES (144, '10509', 'สาขาวิชา คอมพิวเตอร์ธุรกิจ (หลักสูตรศิลปศาสตรบัณฑิต)', '105', 3, 1, '2018-07-09 03:12:55', '2018-07-09 03:12:55');
INSERT INTO `department` VALUES (145, '10510', 'สาขาวิชา การจัดการ (หลักสูตรบริหารธุรกิจบัณฑิต)', '105', 3, 1, '2018-07-09 03:12:55', '2018-07-09 03:12:55');
INSERT INTO `department` VALUES (146, '10511', 'สาขาวิชา นิเทศศาสตร์ (หลักสูตรนิเทศศาสตรบัณฑิต)', '105', 3, 1, '2018-07-09 03:12:55', '2018-07-09 03:12:55');
INSERT INTO `department` VALUES (147, '10512', 'สาขาวิชา เศรษฐศาสตร์ (หลักสูตรเศรษฐศาสตรบัณฑิต)', '105', 3, 1, '2018-07-09 03:12:55', '2018-07-09 03:12:55');
INSERT INTO `department` VALUES (148, '10513', 'สาขาวิชา คอมพิวเตอร์ธุรกิจ (หลักสูตรบริหารุรกิจบัณฑิต)', '105', 3, 1, '2018-07-09 03:12:55', '2018-07-09 03:12:55');
INSERT INTO `department` VALUES (149, '10514', 'กลุ่มสาขาวิชา เศรษฐกิจและสังคมฯ', '105', 0, 1, '2018-07-09 03:12:55', '2018-07-09 03:12:55');
INSERT INTO `department` VALUES (150, '106', 'คณะวิทยาศาสตร์และเทคโนโลยี', '1', 2, 1, '2018-07-09 03:12:55', '2018-07-09 03:12:55');
INSERT INTO `department` VALUES (151, '10601', 'สำนักงานคณบดีคณะวิทยาศาสตร์และเทคโนโลยี', '106', 3, 1, '2018-07-09 03:12:55', '2018-07-09 03:12:55');
INSERT INTO `department` VALUES (152, '1060101', 'งานบริหารและธุรการ', '10601', 4, 1, '2018-07-09 03:12:55', '2018-07-09 03:12:55');
INSERT INTO `department` VALUES (153, '1060102', 'งานบริการการศึกษา', '10601', 4, 1, '2018-07-09 03:12:55', '2018-07-09 03:12:55');
INSERT INTO `department` VALUES (154, '1060103', 'งานวิจัยและการวางแผน', '10601', 4, 1, '2018-07-09 03:12:55', '2018-07-09 03:12:55');
INSERT INTO `department` VALUES (155, '1060104', 'งานการเงินและพัสดุ', '10601', 4, 1, '2018-07-09 03:12:55', '2018-07-09 03:12:55');
INSERT INTO `department` VALUES (156, '1060105', 'งานพัฒนานักศึกษา', '10601', 4, 1, '2018-07-09 03:12:55', '2018-07-09 03:12:55');
INSERT INTO `department` VALUES (157, '1060106', 'งานศูนย์วิทยาศาสตร์', '10601', 4, 1, '2018-07-09 03:12:55', '2018-07-09 03:12:55');
INSERT INTO `department` VALUES (158, '1060107', 'งานห้องปฏิบัติการ', '10601', 4, 1, '2018-07-09 03:12:55', '2018-07-09 03:12:55');
INSERT INTO `department` VALUES (159, '10602', 'สาขาวิชา เคมี (หลักสูตรวิทยาศาสตร์)', '106', 3, 1, '2018-07-09 03:12:55', '2018-07-09 03:12:55');
INSERT INTO `department` VALUES (160, '10603', 'สาขาวิชา ฟิสิกส์ (หลักสูตรวิทยาศาสตร์)', '106', 3, 1, '2018-07-09 03:12:55', '2018-07-09 03:12:55');
INSERT INTO `department` VALUES (161, '10604', 'สาขาวิชา ชีววิทยาประยุกต์ (หลักสูตรวิทยาศาสตร์)', '106', 3, 1, '2018-07-09 03:12:55', '2018-07-09 03:12:55');
INSERT INTO `department` VALUES (162, '10605', 'สาขาวิชา วิทยาศาสตร์และเทคโนโลยีการอาหาร (หลักสูตรวิทยาศาสตร์)', '106', 3, 1, '2018-07-09 03:12:55', '2018-07-09 03:12:55');
INSERT INTO `department` VALUES (163, '10606', 'สาขาวิชา วิทยาศาสตร์สิ่งแวดล้อม (หลักสูตรวิทยาศาสตร์)', '106', 3, 1, '2018-07-09 03:12:55', '2018-07-09 03:12:55');
INSERT INTO `department` VALUES (164, '10607', 'สาขาวิชา คณิตศาสตร์ (หลักสูตรวิทยาศาสตร์)', '106', 3, 1, '2018-07-09 03:12:55', '2018-07-09 03:12:55');
INSERT INTO `department` VALUES (165, '10608', 'สาขาวิชา สาธารณสุขศาสตร์ (หลักสูตรวิทยาศาสตร์)', '106', 3, 1, '2018-07-09 03:12:55', '2018-07-09 03:12:55');
INSERT INTO `department` VALUES (166, '10609', 'สาขาวิชา วิทยาการคอมพิวเตอร์ (หลักสูตรวิทยาศาสตร์)', '106', 3, 1, '2018-07-09 03:12:55', '2018-07-09 03:12:55');
INSERT INTO `department` VALUES (167, '10610', 'สาขาวิชา เทคโนโลยีสารสนเทศ (หลักสูตรวิทยาศาสตร์)', '106', 3, 1, '2018-07-09 03:12:55', '2018-07-09 03:12:55');
INSERT INTO `department` VALUES (168, '10611', 'สาขาวิชา สถิติประยุกต์ (หลักสูตรวิทยาศาสตร์)', '106', 3, 1, '2018-07-09 03:12:55', '2018-07-09 03:12:55');
INSERT INTO `department` VALUES (169, '10612', 'สาขาวิชา ชีววิทยา (หลักสูตรวิทยาศาสตร์)', '106', 3, 1, '2018-07-09 03:12:55', '2018-07-09 03:12:55');
INSERT INTO `department` VALUES (170, '10613', 'สาขาวิชา เทคโนโลยีชีวภาพ(ป.ตรี) (หลักสูตรวิทยาศาสตร์)', '106', 3, 1, '2018-07-09 03:12:55', '2018-07-09 03:12:55');
INSERT INTO `department` VALUES (171, '10614', 'สาขาวิชา เทคโนโลยีชีวภาพ(ป.โท) (หลักสูตรวิทยาศาสตร์)', '106', 3, 1, '2018-07-09 03:12:55', '2018-07-09 03:12:55');
INSERT INTO `department` VALUES (172, '10615', 'สาขาวิชา วิทยาศาสตร์ศึกษา (หลักสูตรวิทยาศาสตร์)', '106', 3, 1, '2018-07-09 03:12:55', '2018-07-09 03:12:55');
INSERT INTO `department` VALUES (173, '10616', 'สาขาวิชา วิทยาศาสตร์ศึกษา (หลักสูตรวิทยาศาสตรมหาบัณฑิต)', '106', 3, 1, '2018-07-09 03:12:55', '2018-07-09 03:12:55');
INSERT INTO `department` VALUES (174, '107', 'สถาบันวิจัยและพัฒนา', '1', 2, 1, '2018-07-09 03:12:55', '2018-07-09 03:12:55');
INSERT INTO `department` VALUES (175, '10701', 'สำนักงานผู้อำนวยการสถาบันวิจัยและพัฒนา', '107', 3, 1, '2018-07-09 03:12:55', '2018-07-09 03:12:55');
INSERT INTO `department` VALUES (176, '1070101', 'งานบริหารและธุรการ', '10701', 4, 1, '2018-07-09 03:12:55', '2018-07-09 03:12:55');
INSERT INTO `department` VALUES (177, '1070102', 'งานส่งเสริมและพัฒนาการวิจัย', '10701', 4, 1, '2018-07-09 03:12:55', '2018-07-09 03:12:55');
INSERT INTO `department` VALUES (178, '1070103', 'งานบริการวิชาการ', '10701', 4, 1, '2018-07-09 03:12:55', '2018-07-09 03:12:55');
INSERT INTO `department` VALUES (179, '1070105', 'งานสืบสานปรัชญาเศรษฐกิจพอเพียงและโครงการอันเนื่องมาจากพระราชดำริ', '10701', 4, 1, '2018-07-09 03:12:55', '2018-07-09 03:12:55');
INSERT INTO `department` VALUES (180, '1070106', 'หน่วยบ่มเพาะวิสาหกิจ', '10701', 4, 1, '2018-07-09 03:12:55', '2018-07-09 03:12:55');
INSERT INTO `department` VALUES (181, '108', 'สำนักวิทยบริการและเทคโนโลยีสารสนเทศ', '1', 2, 1, '2018-07-09 03:12:55', '2018-07-09 03:12:55');
INSERT INTO `department` VALUES (182, '10801', 'สำนักงานผู้อำนวยการสำนักวิทยบริการและเทคโนโลยีสารสนเทศ', '108', 3, 1, '2018-07-09 03:12:55', '2018-07-09 03:12:55');
INSERT INTO `department` VALUES (183, '1080101', 'งานบริหารและธุรการ', '10801', 4, 1, '2018-07-09 03:12:55', '2018-07-09 03:12:55');
INSERT INTO `department` VALUES (184, '1080102', 'งานหอสมุดกลาง', '10801', 4, 1, '2018-07-09 03:12:55', '2018-07-09 03:12:55');
INSERT INTO `department` VALUES (185, '1080103', 'งานบริการคอมพิวเตอร์และเทคโนโลยีสารสนเทศ', '10801', 4, 1, '2018-07-09 03:12:55', '2018-07-09 03:12:55');
INSERT INTO `department` VALUES (186, '1080104', 'งานวิจัยและพัฒนาซอฟต์แวร์คอมพิวเตอร์และเครือข่าย', '10801', 4, 1, '2018-07-09 03:12:55', '2018-07-09 03:12:55');
INSERT INTO `department` VALUES (187, '1080105', 'งานพัฒนาสื่อการเรียนการสอนอิเล็คทรอนิกส์และบทเรียนออนไลน์', '10801', 4, 1, '2018-07-09 03:12:55', '2018-07-09 03:12:55');
INSERT INTO `department` VALUES (188, '109', 'สำนักศิลปะและวัฒนธรรม', '1', 2, 1, '2018-07-09 03:12:55', '2018-07-09 03:12:55');
INSERT INTO `department` VALUES (189, '10901', 'สำนักงานผู้อำนวยการสำนักศิลปะและวัฒนธรรม', '109', 3, 1, '2018-07-09 03:12:55', '2018-07-09 03:12:55');
INSERT INTO `department` VALUES (190, '1090101', 'งานบริหารและธุรการ', '10901', 4, 1, '2018-07-09 03:12:55', '2018-07-09 03:12:55');
INSERT INTO `department` VALUES (191, '1090102', 'งานอนุรักษ์ วิจัยศิลปวัฒนธรรม และภูมิปัญญาท้องถิ่น', '10901', 4, 1, '2018-07-09 03:12:55', '2018-07-09 03:12:55');
INSERT INTO `department` VALUES (192, '1090103', 'งานส่งเสิรมและเผยแพร่ศิลปวัฒนธรรม', '10901', 4, 1, '2018-07-09 03:12:55', '2018-07-09 03:12:55');
INSERT INTO `department` VALUES (193, '1090104', 'งานหอวัฒนธรรม', '10901', 4, 1, '2018-07-09 03:12:55', '2018-07-09 03:12:55');
INSERT INTO `department` VALUES (194, '110', 'สำนักส่งเสริมวิชาการและงานทะเบียน', '1', 2, 1, '2018-07-09 03:12:55', '2018-07-09 03:12:55');
INSERT INTO `department` VALUES (195, '11001', 'สำนักงานผู้อำนวยการสำนักส่งเสริมวิชาการและงานทะเบียน', '110', 3, 1, '2018-07-09 03:12:55', '2018-07-09 03:12:55');
INSERT INTO `department` VALUES (196, '1100101', 'งานบริหารและธุรการ', '11001', 4, 1, '2018-07-09 03:12:55', '2018-07-09 03:12:55');
INSERT INTO `department` VALUES (197, '1100102', 'งานแนะแนวและการรับเข้านักศึกษา', '11001', 4, 1, '2018-07-09 03:12:55', '2018-07-09 03:12:55');
INSERT INTO `department` VALUES (198, '1100103', 'งานทะเบียนและประมวลผล', '11001', 4, 1, '2018-07-09 03:12:55', '2018-07-09 03:12:55');
INSERT INTO `department` VALUES (199, '1100104', 'งานพัฒนาและส่งเสริมวิชาการ', '11001', 4, 1, '2018-07-09 03:12:55', '2018-07-09 03:12:55');
INSERT INTO `department` VALUES (200, '1100105', 'งานบัณฑิตศึกษา', '11001', 4, 1, '2018-07-09 03:12:55', '2018-07-09 03:12:55');
INSERT INTO `department` VALUES (201, '1100106', 'งานธุรการศูนย์ให้การศึกษาภายนอกมหาวิทยาลัยราชภัฏเพชรบูรณ์', '11001', 4, 1, '2018-07-09 03:12:55', '2018-07-09 03:12:55');
INSERT INTO `department` VALUES (202, '110011', 'ศูนย์การศึกษาภายนอกมหาวิทยาลัย ศูนย์บึงสามพัน', '11001', 4, 1, '2018-07-09 03:12:55', '2018-07-09 03:12:55');
INSERT INTO `department` VALUES (203, '110012', 'ศูนย์การศึกษาภายนอกมหาวิทยาลัย ศูนย์พิจิตร', '11001', 4, 1, '2018-07-09 03:12:55', '2018-07-09 03:12:55');
INSERT INTO `department` VALUES (204, '110013', 'งานสหกิจศึกษาและพัฒนาอาชีพ', '11001', 0, 1, '2018-07-09 03:12:55', '2018-07-09 03:12:55');
INSERT INTO `department` VALUES (205, '111', 'สังกัดอธิการบดี', '1', 2, 1, '2018-07-09 03:12:55', '2018-07-09 03:12:55');
INSERT INTO `department` VALUES (206, '11101', 'งานตรวจสอบภายใน', '111', 0, 1, '2018-07-09 03:12:55', '2018-07-09 03:12:55');
INSERT INTO `department` VALUES (207, '1110102', 'สถาบันเศรษฐกิจพอเพียง', '111', 4, 1, '2018-07-09 03:12:55', '2018-07-09 03:12:55');

-- ----------------------------
-- Table structure for driver
-- ----------------------------
DROP TABLE IF EXISTS `driver`;
CREATE TABLE `driver`  (
  `id` int(10) UNSIGNED NOT NULL AUTO_INCREMENT,
  `name` varchar(50) CHARACTER SET utf8mb4 COLLATE utf8mb4_unicode_ci NOT NULL,
  `nickname` varchar(20) CHARACTER SET utf8mb4 COLLATE utf8mb4_unicode_ci NULL DEFAULT NULL,
  `tel` varchar(20) CHARACTER SET utf8mb4 COLLATE utf8mb4_unicode_ci NULL DEFAULT NULL,
  `picture` varchar(100) CHARACTER SET utf8mb4 COLLATE utf8mb4_unicode_ci NULL DEFAULT NULL,
  `status` int(11) NOT NULL,
  `unit` int(11) NOT NULL,
  `created_at` timestamp(0) NULL DEFAULT NULL,
  `updated_at` timestamp(0) NULL DEFAULT NULL,
  PRIMARY KEY (`id`) USING BTREE
) ENGINE = InnoDB AUTO_INCREMENT = 12 CHARACTER SET = utf8mb4 COLLATE = utf8mb4_unicode_ci ROW_FORMAT = Compact;

-- ----------------------------
-- Records of driver
-- ----------------------------
INSERT INTO `driver` VALUES (1, 'นายนพฤทธิ์ ทิพย์เคลือบ', 'พี่นพ', '0885756515', NULL, 1, 1, '2017-11-20 09:38:14', '2017-11-20 09:38:14');
INSERT INTO `driver` VALUES (2, 'นายนเรศ คำชา', 'พี่เรศ', '0931803455', NULL, 1, 1, '2017-11-20 09:38:14', '2017-11-20 09:38:14');
INSERT INTO `driver` VALUES (3, 'นายกิตติพงษ์ แซ่ตั้ง', 'พี่ป๊อป', '0898399991', NULL, 1, 1, '2017-11-20 09:38:14', '2017-11-20 09:38:14');
INSERT INTO `driver` VALUES (4, 'นายทนงศักดิ์ สุขแสง', 'พี่โอ๋ง', '0957645399', NULL, 1, 1, '2017-11-20 09:38:14', '2017-11-20 09:38:14');
INSERT INTO `driver` VALUES (5, 'นายวิทยากร ปู่แก้ว', 'พี่ต้อม', '0855436910', NULL, 1, 1, '2017-11-20 09:38:14', '2017-11-20 09:38:14');
INSERT INTO `driver` VALUES (6, 'นายวรเชษฐ์ คำศรี', 'เข้', '0910269967', NULL, 1, 1, '2017-11-20 09:38:14', '2017-11-20 09:38:14');
INSERT INTO `driver` VALUES (7, 'นายบรรลือ เจริญสุข', NULL, NULL, NULL, 1, 1, '2017-11-20 09:38:14', '2017-11-20 09:38:14');
INSERT INTO `driver` VALUES (8, 'นายอุทัย จักวิน', NULL, NULL, NULL, 1, 1, '2017-11-20 09:38:14', '2017-11-20 09:38:14');
INSERT INTO `driver` VALUES (9, 'นายบุญเพ็ง คำตื้อ', NULL, NULL, NULL, 1, 1, '2017-11-20 09:38:14', '2017-11-20 09:38:14');
INSERT INTO `driver` VALUES (10, 'นายธัญพิสิทธิ์ รังษีสกรณ์', NULL, NULL, NULL, 1, 1, '2017-11-20 09:38:14', '2017-11-20 09:38:14');
INSERT INTO `driver` VALUES (11, 'นายประมวล นามบารี', NULL, '0819992800', NULL, 1, 1, '2017-11-20 09:38:14', '2017-11-20 09:38:14');

-- ----------------------------
-- Table structure for migrations
-- ----------------------------
DROP TABLE IF EXISTS `migrations`;
CREATE TABLE `migrations`  (
  `id` int(10) UNSIGNED NOT NULL AUTO_INCREMENT,
  `migration` varchar(191) CHARACTER SET utf8mb4 COLLATE utf8mb4_unicode_ci NOT NULL,
  `batch` int(11) NOT NULL,
  PRIMARY KEY (`id`) USING BTREE
) ENGINE = InnoDB AUTO_INCREMENT = 22 CHARACTER SET = utf8mb4 COLLATE = utf8mb4_unicode_ci ROW_FORMAT = Compact;

-- ----------------------------
-- Records of migrations
-- ----------------------------
INSERT INTO `migrations` VALUES (1, '2014_10_12_000000_create_users_table', 1);
INSERT INTO `migrations` VALUES (2, '2014_10_12_100000_create_password_resets_table', 1);
INSERT INTO `migrations` VALUES (3, '2016_06_01_000001_create_oauth_auth_codes_table', 1);
INSERT INTO `migrations` VALUES (4, '2016_06_01_000002_create_oauth_access_tokens_table', 1);
INSERT INTO `migrations` VALUES (5, '2016_06_01_000003_create_oauth_refresh_tokens_table', 1);
INSERT INTO `migrations` VALUES (6, '2016_06_01_000004_create_oauth_clients_table', 1);
INSERT INTO `migrations` VALUES (7, '2016_06_01_000005_create_oauth_personal_access_clients_table', 1);
INSERT INTO `migrations` VALUES (8, '2017_11_15_073350_create_car_table', 2);
INSERT INTO `migrations` VALUES (9, '2017_11_15_074358_create_task_table', 3);
INSERT INTO `migrations` VALUES (11, '2017_11_15_074515_create_driver_table', 4);
INSERT INTO `migrations` VALUES (12, '2018_06_21_074313_create_user_info_table', 5);
INSERT INTO `migrations` VALUES (13, '2018_06_21_080235_create_voyagers_table', 5);
INSERT INTO `migrations` VALUES (14, '2018_07_02_092353_create_positions_table', 6);
INSERT INTO `migrations` VALUES (16, '2018_07_02_092523_create_permissions_table', 6);
INSERT INTO `migrations` VALUES (17, '2018_07_02_092502_create_departments_table', 7);
INSERT INTO `migrations` VALUES (18, '2018_07_02_092523_create_roles_table', 8);

-- ----------------------------
-- Table structure for oauth_access_tokens
-- ----------------------------
DROP TABLE IF EXISTS `oauth_access_tokens`;
CREATE TABLE `oauth_access_tokens`  (
  `id` varchar(100) CHARACTER SET utf8mb4 COLLATE utf8mb4_unicode_ci NOT NULL,
  `user_id` int(11) NULL DEFAULT NULL,
  `client_id` int(11) NOT NULL,
  `name` varchar(191) CHARACTER SET utf8mb4 COLLATE utf8mb4_unicode_ci NULL DEFAULT NULL,
  `scopes` text CHARACTER SET utf8mb4 COLLATE utf8mb4_unicode_ci NULL,
  `revoked` tinyint(1) NOT NULL,
  `created_at` timestamp(0) NULL DEFAULT NULL,
  `updated_at` timestamp(0) NULL DEFAULT NULL,
  `expires_at` datetime(0) NULL DEFAULT NULL,
  PRIMARY KEY (`id`) USING BTREE,
  INDEX `oauth_access_tokens_user_id_index`(`user_id`) USING BTREE
) ENGINE = InnoDB CHARACTER SET = utf8mb4 COLLATE = utf8mb4_unicode_ci ROW_FORMAT = Compact;

-- ----------------------------
-- Records of oauth_access_tokens
-- ----------------------------
INSERT INTO `oauth_access_tokens` VALUES ('0387db2fdea107b04c6874f3ffe94392319e2fec89902a8f67f80e477b6682f7a9220724fa27b102', 1, 1, 'CarReservation', '[]', 0, '2017-11-16 07:01:07', '2017-11-16 07:01:07', '2018-11-16 07:01:07');
INSERT INTO `oauth_access_tokens` VALUES ('1a9221e0c4a42d9aa09254c0a35973fd6c5e57f414f3019e60f5727559ed8a5989a979549a225a04', 1, 1, 'CarReservation', '[]', 0, '2018-06-08 05:57:04', '2018-06-08 05:57:04', '2019-06-08 05:57:04');
INSERT INTO `oauth_access_tokens` VALUES ('2135b984f060b6755116fcfcddad6238c34cbba9f37820ff98e948fed3c64f09c3cc08ff2327894a', 1, 1, 'CarReservation', '[]', 0, '2018-06-08 06:53:05', '2018-06-08 06:53:05', '2019-06-08 06:53:05');
INSERT INTO `oauth_access_tokens` VALUES ('27d1a317ecf98296ef3947adce9a633d539737117f760765c01ddd874e5579f17ce81da93391f075', 1, 1, 'CarReservation', '[]', 0, '2018-06-15 01:04:48', '2018-06-15 01:04:48', '2019-06-15 01:04:48');
INSERT INTO `oauth_access_tokens` VALUES ('465f0fb98155c45bd7c4338b037564a1396367fa35c81b8def9d93abe35a309ab803c68b23c7fc69', 1, 1, 'CarReservation', '[]', 0, '2018-06-15 01:04:30', '2018-06-15 01:04:30', '2019-06-15 01:04:30');
INSERT INTO `oauth_access_tokens` VALUES ('4f168a9ee704fadab322b8caf63a4901c0bf08ee30f30e5a7715afe187719c8615e6f971c0a65085', 1, 1, 'CarReservation', '[]', 0, '2017-11-07 06:52:25', '2017-11-07 06:52:25', '2018-11-07 06:52:25');
INSERT INTO `oauth_access_tokens` VALUES ('678fb349b4c734336443c33d29bad56bc429c51010450dd5bb66d7f4b45640062ce321988863af88', 1, 1, 'CarReservation', '[]', 0, '2018-06-05 09:00:23', '2018-06-05 09:00:23', '2019-06-05 09:00:23');
INSERT INTO `oauth_access_tokens` VALUES ('6beb1ecbabbb08c268061cd266207220362a6ca5016697c3555969864188c614ab292534327e1211', 1, 1, 'CarReservation', '[]', 0, '2018-08-01 08:28:06', '2018-08-01 08:28:06', '2019-08-01 08:28:06');
INSERT INTO `oauth_access_tokens` VALUES ('83f0ec8b2afbad1ce0f4f36c58187c184705da3c0acdc14e14c7cb885a652a750f9e0f93f17722af', 1, 1, 'CarReservation', '[]', 0, '2018-06-05 09:12:36', '2018-06-05 09:12:36', '2019-06-05 09:12:36');
INSERT INTO `oauth_access_tokens` VALUES ('83f28db03180028189161cc05b2f075244ca7bd76886f18b1e0b03bc1f775b1c43704bcb193dbded', 1, 1, 'CarReservation', '[]', 0, '2018-06-08 06:52:03', '2018-06-08 06:52:03', '2019-06-08 06:52:03');
INSERT INTO `oauth_access_tokens` VALUES ('99a503969d28db623e97420da39ae3ed4b8ad5261bb0b92b858aa4e9e8776ce460948fade7eba6a9', 1, 1, 'CarReservation', '[]', 0, '2018-06-08 06:06:22', '2018-06-08 06:06:22', '2019-06-08 06:06:22');
INSERT INTO `oauth_access_tokens` VALUES ('9b346c0d17a23873b5e35ca62855e69524e1046287247d25434363234434811b937325f11e345e35', 1, 1, 'CarReservation', '[]', 0, '2018-06-20 09:13:36', '2018-06-20 09:13:36', '2019-06-20 09:13:36');
INSERT INTO `oauth_access_tokens` VALUES ('a3bdd93b8952e92d61ff9e177b366818a5edfa0543a39b5705049f530dd0bda5e86d268b3d52eec8', 1, 1, 'CarReservation', '[]', 0, '2018-06-06 09:18:08', '2018-06-06 09:18:08', '2019-06-06 09:18:08');
INSERT INTO `oauth_access_tokens` VALUES ('a9a5e36908b51e0c4d0a907577430d3023824bc292efca4d77bfca3bd637547a3bb6d5486ee9f38a', 1, 1, 'CarReservation', '[]', 0, '2018-06-08 01:46:09', '2018-06-08 01:46:09', '2019-06-08 01:46:09');
INSERT INTO `oauth_access_tokens` VALUES ('ba1a8650b0d11c44380a21a35dcceabafbcab968928efc3c8dc504fec36c351125a116ac93143973', 1, 1, 'CarReservation', '[]', 0, '2018-06-08 04:25:45', '2018-06-08 04:25:45', '2019-06-08 04:25:45');
INSERT INTO `oauth_access_tokens` VALUES ('c27ae34059654d5774640c206b7891bb486ed5738e46eb241e8680f0fd1d26ad218d89765f03b624', 1, 1, 'CarReservation', '[]', 0, '2018-06-08 01:46:06', '2018-06-08 01:46:06', '2019-06-08 01:46:06');
INSERT INTO `oauth_access_tokens` VALUES ('c4446874be0ff3f4eb38743feb68fcc6eba4d9732abcf8d2ccd1ebb47abcd075d76149e3897c3de2', 1, 1, 'CarReservation', '[]', 0, '2018-06-05 08:51:48', '2018-06-05 08:51:48', '2019-06-05 08:51:48');
INSERT INTO `oauth_access_tokens` VALUES ('c524560237c023055de693f0d459a6b64384ba26f3093610c718ffe2acc6899bd01004c9ef96cb7b', 1, 1, 'CarReservation', '[]', 0, '2018-06-05 09:30:23', '2018-06-05 09:30:23', '2019-06-05 09:30:23');
INSERT INTO `oauth_access_tokens` VALUES ('c97d88c4c770c2ebfa270aad42c042297d33bbbfbf5c6beaf8ac1fb9c8d0f5068e9c3cd79c7e34fd', 1, 1, 'CarReservation', '[]', 0, '2018-06-08 01:51:52', '2018-06-08 01:51:52', '2019-06-08 01:51:52');
INSERT INTO `oauth_access_tokens` VALUES ('d37afb7cef073c0cdf7f9c1a0f0401485aabe6326a40a771b28d5038148f4320f3bc2342d5f7c573', 1, 1, 'CarReservation', '[]', 0, '2018-06-05 09:29:43', '2018-06-05 09:29:43', '2019-06-05 09:29:43');
INSERT INTO `oauth_access_tokens` VALUES ('f90d0cd4276094bb0fb79b9566d1e62b9552bff30136b80791910afabcfc509380a2b860d4cf6c11', 1, 1, 'CarReservation', '[]', 0, '2018-06-05 09:11:06', '2018-06-05 09:11:06', '2019-06-05 09:11:06');

-- ----------------------------
-- Table structure for oauth_auth_codes
-- ----------------------------
DROP TABLE IF EXISTS `oauth_auth_codes`;
CREATE TABLE `oauth_auth_codes`  (
  `id` varchar(100) CHARACTER SET utf8mb4 COLLATE utf8mb4_unicode_ci NOT NULL,
  `user_id` int(11) NOT NULL,
  `client_id` int(11) NOT NULL,
  `scopes` text CHARACTER SET utf8mb4 COLLATE utf8mb4_unicode_ci NULL,
  `revoked` tinyint(1) NOT NULL,
  `expires_at` datetime(0) NULL DEFAULT NULL,
  PRIMARY KEY (`id`) USING BTREE
) ENGINE = InnoDB CHARACTER SET = utf8mb4 COLLATE = utf8mb4_unicode_ci ROW_FORMAT = Compact;

-- ----------------------------
-- Table structure for oauth_clients
-- ----------------------------
DROP TABLE IF EXISTS `oauth_clients`;
CREATE TABLE `oauth_clients`  (
  `id` int(10) UNSIGNED NOT NULL AUTO_INCREMENT,
  `user_id` int(11) NULL DEFAULT NULL,
  `name` varchar(191) CHARACTER SET utf8mb4 COLLATE utf8mb4_unicode_ci NOT NULL,
  `secret` varchar(100) CHARACTER SET utf8mb4 COLLATE utf8mb4_unicode_ci NOT NULL,
  `redirect` text CHARACTER SET utf8mb4 COLLATE utf8mb4_unicode_ci NOT NULL,
  `personal_access_client` tinyint(1) NOT NULL,
  `password_client` tinyint(1) NOT NULL,
  `revoked` tinyint(1) NOT NULL,
  `created_at` timestamp(0) NULL DEFAULT NULL,
  `updated_at` timestamp(0) NULL DEFAULT NULL,
  PRIMARY KEY (`id`) USING BTREE,
  INDEX `oauth_clients_user_id_index`(`user_id`) USING BTREE
) ENGINE = InnoDB AUTO_INCREMENT = 5 CHARACTER SET = utf8mb4 COLLATE = utf8mb4_unicode_ci ROW_FORMAT = Compact;

-- ----------------------------
-- Records of oauth_clients
-- ----------------------------
INSERT INTO `oauth_clients` VALUES (1, NULL, 'Laravel Personal Access Client', 'IWwqxLSJMd0KoM6tERGB8tEmMfvm2Xe8ZHjkmLuO', 'http://localhost', 1, 0, 0, '2017-11-01 04:45:08', '2017-11-01 04:45:08');
INSERT INTO `oauth_clients` VALUES (2, NULL, 'Laravel Password Grant Client', 'WPWd4wyTQYDemSJLByx43Ye3XHSSb5oZpvNH2Ouf', 'http://localhost', 0, 1, 0, '2017-11-01 04:45:08', '2017-11-01 04:45:08');
INSERT INTO `oauth_clients` VALUES (3, 123, 'Supanut Wisungre', 'A51EkHWCfJMjzgsEr5FPfYZPBCITRyF26xpTi8bD', 'http://localhost/car_reservation/public/auth/callback', 0, 0, 0, '2017-11-01 04:48:59', '2017-11-01 04:48:59');
INSERT INTO `oauth_clients` VALUES (4, 1, 'supanut@pcru.ac.th', 'uZboFzmYYre1h5zLDRrbso31cc2EfSXXg8KGiIcU', 'http://localhost/car_reservation/public/callback', 0, 0, 0, '2018-08-01 08:27:19', '2018-08-01 08:27:19');

-- ----------------------------
-- Table structure for oauth_personal_access_clients
-- ----------------------------
DROP TABLE IF EXISTS `oauth_personal_access_clients`;
CREATE TABLE `oauth_personal_access_clients`  (
  `id` int(10) UNSIGNED NOT NULL AUTO_INCREMENT,
  `client_id` int(11) NOT NULL,
  `created_at` timestamp(0) NULL DEFAULT NULL,
  `updated_at` timestamp(0) NULL DEFAULT NULL,
  PRIMARY KEY (`id`) USING BTREE,
  INDEX `oauth_personal_access_clients_client_id_index`(`client_id`) USING BTREE
) ENGINE = InnoDB AUTO_INCREMENT = 2 CHARACTER SET = utf8mb4 COLLATE = utf8mb4_unicode_ci ROW_FORMAT = Compact;

-- ----------------------------
-- Records of oauth_personal_access_clients
-- ----------------------------
INSERT INTO `oauth_personal_access_clients` VALUES (1, 1, '2017-11-01 04:45:08', '2017-11-01 04:45:08');

-- ----------------------------
-- Table structure for oauth_refresh_tokens
-- ----------------------------
DROP TABLE IF EXISTS `oauth_refresh_tokens`;
CREATE TABLE `oauth_refresh_tokens`  (
  `id` varchar(100) CHARACTER SET utf8mb4 COLLATE utf8mb4_unicode_ci NOT NULL,
  `access_token_id` varchar(100) CHARACTER SET utf8mb4 COLLATE utf8mb4_unicode_ci NOT NULL,
  `revoked` tinyint(1) NOT NULL,
  `expires_at` datetime(0) NULL DEFAULT NULL,
  PRIMARY KEY (`id`) USING BTREE,
  INDEX `oauth_refresh_tokens_access_token_id_index`(`access_token_id`) USING BTREE
) ENGINE = InnoDB CHARACTER SET = utf8mb4 COLLATE = utf8mb4_unicode_ci ROW_FORMAT = Compact;

-- ----------------------------
-- Table structure for password_resets
-- ----------------------------
DROP TABLE IF EXISTS `password_resets`;
CREATE TABLE `password_resets`  (
  `email` varchar(191) CHARACTER SET utf8mb4 COLLATE utf8mb4_unicode_ci NOT NULL,
  `token` varchar(191) CHARACTER SET utf8mb4 COLLATE utf8mb4_unicode_ci NOT NULL,
  `created_at` timestamp(0) NULL DEFAULT NULL,
  INDEX `password_resets_email_index`(`email`) USING BTREE
) ENGINE = InnoDB CHARACTER SET = utf8mb4 COLLATE = utf8mb4_unicode_ci ROW_FORMAT = Compact;

-- ----------------------------
-- Table structure for position
-- ----------------------------
DROP TABLE IF EXISTS `position`;
CREATE TABLE `position`  (
  `id` int(10) UNSIGNED NOT NULL AUTO_INCREMENT,
  `position_code` varchar(3) CHARACTER SET utf8mb4 COLLATE utf8mb4_unicode_ci NULL DEFAULT NULL,
  `name` varchar(200) CHARACTER SET utf8mb4 COLLATE utf8mb4_unicode_ci NOT NULL,
  `status` int(2) NOT NULL,
  `created_at` timestamp(0) NULL DEFAULT NULL,
  `updated_at` timestamp(0) NULL DEFAULT NULL,
  PRIMARY KEY (`id`) USING BTREE
) ENGINE = InnoDB AUTO_INCREMENT = 38 CHARACTER SET = utf8mb4 COLLATE = utf8mb4_unicode_ci ROW_FORMAT = Compact;

-- ----------------------------
-- Records of position
-- ----------------------------
INSERT INTO `position` VALUES (1, '001', 'ผู้อำนวยการกอง', 1, '2018-07-09 04:21:40', '2018-07-09 04:21:40');
INSERT INTO `position` VALUES (2, '002', 'นักวิเคราะห์นโยบายและแผน', 1, '2018-07-09 04:21:40', '2018-07-09 04:21:40');
INSERT INTO `position` VALUES (3, '003', 'บุคลากร', 1, '2018-07-09 04:21:40', '2018-07-09 04:21:40');
INSERT INTO `position` VALUES (4, '004', 'เจ้าหน้าที่บริหารงานทั่วไป', 1, '2018-07-09 04:21:40', '2018-07-09 04:21:40');
INSERT INTO `position` VALUES (5, '005', 'นักวิชาการพัสดุ', 1, '2018-07-09 04:21:40', '2018-07-09 04:21:40');
INSERT INTO `position` VALUES (6, '006', 'นักประชาสัมพันธ์', 1, '2018-07-09 04:21:40', '2018-07-09 04:21:40');
INSERT INTO `position` VALUES (7, '007', 'นักกิจกรรมนักศึกษา', 1, '2018-07-09 04:21:40', '2018-07-09 04:21:40');
INSERT INTO `position` VALUES (8, '008', 'นิติกร', 1, '2018-07-09 04:21:40', '2018-07-09 04:21:40');
INSERT INTO `position` VALUES (9, '009', 'นักวิชาการเงินและบัญชี', 1, '2018-07-09 04:21:40', '2018-07-09 04:21:40');
INSERT INTO `position` VALUES (10, '010', 'นักวิชาการช่างศิลป์', 1, '2018-07-09 04:21:40', '2018-07-09 04:21:40');
INSERT INTO `position` VALUES (11, '011', 'นักวิชาการเครื่องกล', 1, '2018-07-09 04:21:40', '2018-07-09 04:21:40');
INSERT INTO `position` VALUES (12, '012', 'นักวิชาการโสตทัศนศึกษา', 1, '2018-07-09 04:21:40', '2018-07-09 04:21:40');
INSERT INTO `position` VALUES (13, '013', 'นักวิชาการไฟฟ้า', 1, '2018-07-09 04:21:40', '2018-07-09 04:21:40');
INSERT INTO `position` VALUES (14, '014', 'นักวิชาการศึกษา', 1, '2018-07-09 04:21:40', '2018-07-09 04:21:40');
INSERT INTO `position` VALUES (15, '015', 'นักวิชาการคอมพิวเตอร์', 1, '2018-07-09 04:21:40', '2018-07-09 04:21:40');
INSERT INTO `position` VALUES (16, '016', 'บุคลากร ชำนาญการ', 1, '2018-07-09 04:21:40', '2018-07-09 04:21:40');
INSERT INTO `position` VALUES (17, '017', 'สถาปนิก', 1, '2018-07-09 04:21:40', '2018-07-09 04:21:40');
INSERT INTO `position` VALUES (18, '018', 'วิศวกร', 1, '2018-07-09 04:21:40', '2018-07-09 04:21:40');
INSERT INTO `position` VALUES (19, '019', 'วิศวกรโยธา', 1, '2018-07-09 04:21:40', '2018-07-09 04:21:40');
INSERT INTO `position` VALUES (20, '020', 'นักแนะแนวการศึกษาและอาชีพ', 1, '2018-07-09 04:21:40', '2018-07-09 04:21:40');
INSERT INTO `position` VALUES (21, '021', 'พนักงานรักษาความปลอดภัย', 1, '2018-07-09 04:21:40', '2018-07-09 04:21:40');
INSERT INTO `position` VALUES (22, '022', 'แม่บ้าน', 1, '2018-07-09 04:21:40', '2018-07-09 04:21:40');
INSERT INTO `position` VALUES (23, '023', 'ช่างไฟฟ้า', 1, '2018-07-09 04:21:40', '2018-07-09 04:21:40');
INSERT INTO `position` VALUES (24, '024', 'ช่างไม้', 1, '2018-07-09 04:21:40', '2018-07-09 04:21:40');
INSERT INTO `position` VALUES (25, '025', 'ช่างตกแต่งสถานที่', 1, '2018-07-09 04:21:40', '2018-07-09 04:21:40');
INSERT INTO `position` VALUES (26, '026', 'พนักงานช่วยการพยาบาล', 1, '2018-07-09 04:21:40', '2018-07-09 04:21:40');
INSERT INTO `position` VALUES (27, '027', 'พนักงานธุรการ', 1, '2018-07-09 04:21:40', '2018-07-09 04:21:40');
INSERT INTO `position` VALUES (28, '028', 'พนักงานทำความสะอาด', 1, '2018-07-09 04:21:40', '2018-07-09 04:21:40');
INSERT INTO `position` VALUES (29, '029', 'ช่างซ่อมบำรุง', 1, '2018-07-09 04:21:40', '2018-07-09 04:21:40');
INSERT INTO `position` VALUES (30, '030', 'เจ้าหน้าที่ปฏิบัติการ', 1, '2018-07-09 04:21:40', '2018-07-09 04:21:40');
INSERT INTO `position` VALUES (31, '031', 'พนักงานทั่วไป', 1, '2018-07-09 04:21:40', '2018-07-09 04:21:40');
INSERT INTO `position` VALUES (32, '032', 'พนักงานอาคาร', 1, '2018-07-09 04:21:40', '2018-07-09 04:21:40');
INSERT INTO `position` VALUES (33, '033', 'พนักงานสถานที่', 1, '2018-07-09 04:21:40', '2018-07-09 04:21:40');
INSERT INTO `position` VALUES (34, '034', 'พนักงานขับรถยนต์', 1, '2018-07-09 04:21:40', '2018-07-09 04:21:40');
INSERT INTO `position` VALUES (35, '035', 'พนักงานปฏิบัติการโสตทัศนศึกษา', 1, '2018-07-09 04:21:40', '2018-07-09 04:21:40');
INSERT INTO `position` VALUES (36, '036', 'พนักงานปฏิบัติการศิลป์', 1, '2018-07-09 04:21:40', '2018-07-09 04:21:40');
INSERT INTO `position` VALUES (37, '037', 'พนักงานปฏิบัติการระบบปรับอากาศ', 1, '2018-07-09 04:21:40', '2018-07-09 04:21:40');

-- ----------------------------
-- Table structure for province
-- ----------------------------
DROP TABLE IF EXISTS `province`;
CREATE TABLE `province`  (
  `PROVINCE_ID` int(5) NOT NULL AUTO_INCREMENT,
  `PROVINCE_CODE` varchar(2) CHARACTER SET utf8mb4 COLLATE utf8mb4_unicode_ci NULL DEFAULT NULL,
  `PROVINCE_NAME` varchar(150) CHARACTER SET utf8mb4 COLLATE utf8mb4_unicode_ci NULL DEFAULT NULL,
  `GEO_ID` int(5) NULL DEFAULT NULL,
  PRIMARY KEY (`PROVINCE_ID`) USING BTREE
) ENGINE = InnoDB AUTO_INCREMENT = 78 CHARACTER SET = utf8mb4 COLLATE = utf8mb4_unicode_ci ROW_FORMAT = Compact;

-- ----------------------------
-- Records of province
-- ----------------------------
INSERT INTO `province` VALUES (1, '10', 'กรุงเทพมหานคร   ', 2);
INSERT INTO `province` VALUES (2, '11', 'สมุทรปราการ   ', 2);
INSERT INTO `province` VALUES (3, '12', 'นนทบุรี   ', 2);
INSERT INTO `province` VALUES (4, '13', 'ปทุมธานี   ', 2);
INSERT INTO `province` VALUES (5, '14', 'พระนครศรีอยุธยา   ', 2);
INSERT INTO `province` VALUES (6, '15', 'อ่างทอง   ', 2);
INSERT INTO `province` VALUES (7, '16', 'ลพบุรี   ', 2);
INSERT INTO `province` VALUES (8, '17', 'สิงห์บุรี   ', 2);
INSERT INTO `province` VALUES (9, '18', 'ชัยนาท   ', 2);
INSERT INTO `province` VALUES (10, '19', 'สระบุรี', 2);
INSERT INTO `province` VALUES (11, '20', 'ชลบุรี   ', 5);
INSERT INTO `province` VALUES (12, '21', 'ระยอง   ', 5);
INSERT INTO `province` VALUES (13, '22', 'จันทบุรี   ', 5);
INSERT INTO `province` VALUES (14, '23', 'ตราด   ', 5);
INSERT INTO `province` VALUES (15, '24', 'ฉะเชิงเทรา   ', 5);
INSERT INTO `province` VALUES (16, '25', 'ปราจีนบุรี   ', 5);
INSERT INTO `province` VALUES (17, '26', 'นครนายก   ', 2);
INSERT INTO `province` VALUES (18, '27', 'สระแก้ว   ', 5);
INSERT INTO `province` VALUES (19, '30', 'นครราชสีมา   ', 3);
INSERT INTO `province` VALUES (20, '31', 'บุรีรัมย์   ', 3);
INSERT INTO `province` VALUES (21, '32', 'สุรินทร์   ', 3);
INSERT INTO `province` VALUES (22, '33', 'ศรีสะเกษ   ', 3);
INSERT INTO `province` VALUES (23, '34', 'อุบลราชธานี   ', 3);
INSERT INTO `province` VALUES (24, '35', 'ยโสธร   ', 3);
INSERT INTO `province` VALUES (25, '36', 'ชัยภูมิ   ', 3);
INSERT INTO `province` VALUES (26, '37', 'อำนาจเจริญ   ', 3);
INSERT INTO `province` VALUES (27, '39', 'หนองบัวลำภู   ', 3);
INSERT INTO `province` VALUES (28, '40', 'ขอนแก่น   ', 3);
INSERT INTO `province` VALUES (29, '41', 'อุดรธานี   ', 3);
INSERT INTO `province` VALUES (30, '42', 'เลย   ', 3);
INSERT INTO `province` VALUES (31, '43', 'หนองคาย   ', 3);
INSERT INTO `province` VALUES (32, '44', 'มหาสารคาม   ', 3);
INSERT INTO `province` VALUES (33, '45', 'ร้อยเอ็ด   ', 3);
INSERT INTO `province` VALUES (34, '46', 'กาฬสินธุ์   ', 3);
INSERT INTO `province` VALUES (35, '47', 'สกลนคร   ', 3);
INSERT INTO `province` VALUES (36, '48', 'นครพนม   ', 3);
INSERT INTO `province` VALUES (37, '49', 'มุกดาหาร   ', 3);
INSERT INTO `province` VALUES (38, '50', 'เชียงใหม่   ', 1);
INSERT INTO `province` VALUES (39, '51', 'ลำพูน   ', 1);
INSERT INTO `province` VALUES (40, '52', 'ลำปาง   ', 1);
INSERT INTO `province` VALUES (41, '53', 'อุตรดิตถ์   ', 1);
INSERT INTO `province` VALUES (42, '54', 'แพร่   ', 1);
INSERT INTO `province` VALUES (43, '55', 'น่าน   ', 1);
INSERT INTO `province` VALUES (44, '56', 'พะเยา   ', 1);
INSERT INTO `province` VALUES (45, '57', 'เชียงราย   ', 1);
INSERT INTO `province` VALUES (46, '58', 'แม่ฮ่องสอน   ', 1);
INSERT INTO `province` VALUES (47, '60', 'นครสวรรค์   ', 2);
INSERT INTO `province` VALUES (48, '61', 'อุทัยธานี   ', 2);
INSERT INTO `province` VALUES (49, '62', 'กำแพงเพชร   ', 2);
INSERT INTO `province` VALUES (50, '63', 'ตาก   ', 4);
INSERT INTO `province` VALUES (51, '64', 'สุโขทัย   ', 2);
INSERT INTO `province` VALUES (52, '65', 'พิษณุโลก   ', 2);
INSERT INTO `province` VALUES (53, '66', 'พิจิตร   ', 2);
INSERT INTO `province` VALUES (54, '67', 'เพชรบูรณ์   ', 2);
INSERT INTO `province` VALUES (55, '70', 'ราชบุรี   ', 4);
INSERT INTO `province` VALUES (56, '71', 'กาญจนบุรี   ', 4);
INSERT INTO `province` VALUES (57, '72', 'สุพรรณบุรี   ', 2);
INSERT INTO `province` VALUES (58, '73', 'นครปฐม   ', 2);
INSERT INTO `province` VALUES (59, '74', 'สมุทรสาคร   ', 2);
INSERT INTO `province` VALUES (60, '75', 'สมุทรสงคราม   ', 2);
INSERT INTO `province` VALUES (61, '76', 'เพชรบุรี   ', 4);
INSERT INTO `province` VALUES (62, '77', 'ประจวบคีรีขันธ์   ', 4);
INSERT INTO `province` VALUES (63, '80', 'นครศรีธรรมราช   ', 6);
INSERT INTO `province` VALUES (64, '81', 'กระบี่   ', 6);
INSERT INTO `province` VALUES (65, '82', 'พังงา   ', 6);
INSERT INTO `province` VALUES (66, '83', 'ภูเก็ต   ', 6);
INSERT INTO `province` VALUES (67, '84', 'สุราษฎร์ธานี   ', 6);
INSERT INTO `province` VALUES (68, '85', 'ระนอง   ', 6);
INSERT INTO `province` VALUES (69, '86', 'ชุมพร   ', 6);
INSERT INTO `province` VALUES (70, '90', 'สงขลา   ', 6);
INSERT INTO `province` VALUES (71, '91', 'สตูล   ', 6);
INSERT INTO `province` VALUES (72, '92', 'ตรัง   ', 6);
INSERT INTO `province` VALUES (73, '93', 'พัทลุง   ', 6);
INSERT INTO `province` VALUES (74, '94', 'ปัตตานี   ', 6);
INSERT INTO `province` VALUES (75, '95', 'ยะลา   ', 6);
INSERT INTO `province` VALUES (76, '96', 'นราธิวาส   ', 6);
INSERT INTO `province` VALUES (77, '97', 'บึงกาฬ', 3);

-- ----------------------------
-- Table structure for role
-- ----------------------------
DROP TABLE IF EXISTS `role`;
CREATE TABLE `role`  (
  `id` int(10) UNSIGNED NOT NULL AUTO_INCREMENT,
  `role_id` varchar(2) CHARACTER SET utf8mb4 COLLATE utf8mb4_unicode_ci NOT NULL,
  `name` varchar(100) CHARACTER SET utf8mb4 COLLATE utf8mb4_unicode_ci NOT NULL,
  `status` int(11) NOT NULL,
  `created_at` timestamp(0) NULL DEFAULT NULL,
  `updated_at` timestamp(0) NULL DEFAULT NULL,
  PRIMARY KEY (`id`) USING BTREE
) ENGINE = InnoDB AUTO_INCREMENT = 6 CHARACTER SET = utf8mb4 COLLATE = utf8mb4_unicode_ci ROW_FORMAT = Compact;

-- ----------------------------
-- Records of role
-- ----------------------------
INSERT INTO `role` VALUES (1, '01', 'System Admin', 1, '2018-07-09 04:21:29', '2018-07-09 04:21:29');
INSERT INTO `role` VALUES (2, '02', 'Admin', 1, '2018-07-09 04:21:29', '2018-07-09 04:21:29');
INSERT INTO `role` VALUES (3, '03', 'Approver', 1, '2018-07-09 04:21:29', '2018-07-09 04:21:29');
INSERT INTO `role` VALUES (4, '04', 'Driver', 1, '2018-07-09 04:21:29', '2018-07-09 04:21:29');
INSERT INTO `role` VALUES (5, '05', 'Monitor', 1, '2018-07-09 04:21:29', '2018-07-09 04:21:29');

-- ----------------------------
-- Table structure for task
-- ----------------------------
DROP TABLE IF EXISTS `task`;
CREATE TABLE `task`  (
  `id` int(10) UNSIGNED NOT NULL AUTO_INCREMENT,
  `car` int(11) NULL DEFAULT NULL,
  `driver` int(11) NULL DEFAULT NULL,
  `num_of_car` int(11) NULL DEFAULT NULL,
  `start_date` date NOT NULL,
  `start_time` time(0) NOT NULL,
  `end_date` date NOT NULL,
  `end_time` time(0) NOT NULL,
  `num_date` int(11) NOT NULL,
  `target` varchar(500) CHARACTER SET utf8mb4 COLLATE utf8mb4_unicode_ci NOT NULL,
  `objectives` varchar(500) CHARACTER SET utf8mb4 COLLATE utf8mb4_unicode_ci NOT NULL,
  `province_code` varchar(2) CHARACTER SET utf8mb4 COLLATE utf8mb4_unicode_ci NOT NULL,
  `summary` varchar(100) CHARACTER SET utf8mb4 COLLATE utf8mb4_unicode_ci NULL DEFAULT NULL,
  `num_of_companion` int(11) NOT NULL,
  `companion` text CHARACTER SET utf8mb4 COLLATE utf8mb4_unicode_ci NOT NULL,
  `baggage` varchar(300) CHARACTER SET utf8mb4 COLLATE utf8mb4_unicode_ci NOT NULL,
  `starting_point` varchar(500) CHARACTER SET utf8mb4 COLLATE utf8mb4_unicode_ci NOT NULL,
  `status` int(11) NOT NULL,
  `creator` int(11) NOT NULL,
  `thinker` int(11) NULL DEFAULT NULL,
  `result_when` datetime(0) NULL DEFAULT NULL,
  `result_comment` varchar(200) CHARACTER SET utf8mb4 COLLATE utf8mb4_unicode_ci NULL DEFAULT NULL,
  `created_at` timestamp(0) NULL DEFAULT NULL,
  `updated_at` timestamp(0) NULL DEFAULT NULL,
  PRIMARY KEY (`id`) USING BTREE
) ENGINE = InnoDB AUTO_INCREMENT = 10 CHARACTER SET = utf8mb4 COLLATE = utf8mb4_unicode_ci ROW_FORMAT = Compact;

-- ----------------------------
-- Records of task
-- ----------------------------
INSERT INTO `task` VALUES (1, 1, 1, 1, '2017-11-22', '07:00:00', '2017-11-22', '19:00:00', 2, 'มรภ.เพชรบุรี', 'ดูงาน ม.เพชรบุรี', '76', 'ดูงาน ม.เพชรบุรี', 5, 'อาจารย์', 'กระเป๋า', 'สำนักงานอธิการ', 3, 1, 1, NULL, NULL, NULL, NULL);
INSERT INTO `task` VALUES (2, 1, 1, 1, '2018-06-16', '05:00:00', '2018-06-18', '16:00:00', 2, 'สำนักงบประมาณ', 'ไปราชการ กทม', '10', 'ไปราชการ กทม', 5, 'ฟฟฟฟ', 'กราะเป๋า', 'สำนักงานอธิการ', 3, 1, 1, NULL, NULL, NULL, NULL);
INSERT INTO `task` VALUES (3, 1, 1, 1, '2018-06-18', '06:30:00', '2018-06-23', '18:00:00', 2, 'เมืองทอง', 'รับส่งกรรมการตรวจ', '10', 'รับส่งกรรมการตรวจ', 5, 'ฟฟฟ', 'กระเป๋า', 'สำนักงานอธิการ', 3, 1, 1, NULL, NULL, NULL, NULL);
INSERT INTO `task` VALUES (4, 1, 1, 1, '2018-08-18', '06:30:00', '2018-08-23', '18:00:00', 2, 'เมืองทอง', 'รับส่งกรรมการตรวจ', '10', 'รับส่งกรรมการตรวจ', 55, 'ฟฟฟ', 'กล้อง', 'สำนักงานอธิการ', 3, 1, 1, NULL, NULL, NULL, NULL);
INSERT INTO `task` VALUES (5, NULL, NULL, NULL, '2018-08-10', '08:00:00', '2018-08-13', '18:00:00', 3, 'สำนักงานอธิการบดี มรภ.มหาสารคาม', 'ศึกษาดูงาน', '44', 'ศึกษาดูงาน', 5, 'vkd0kipN 5', 'ไม่มี', '8It;bmp', 1, 1, NULL, NULL, NULL, '2018-08-09 09:16:41', '2018-08-09 09:16:41');
INSERT INTO `task` VALUES (6, NULL, NULL, NULL, '2018-08-11', '12:00:00', '2018-08-13', '18:00:00', 3, 'สำนักงานอธิการบดี มรภ.มหาสารคาม', 'ศึกษาดูงาน', '44', NULL, 3, 'ดร.กร กรก, ผศ.ดร. แข แข', 'กระเป๋าเดินทาง', 'หน้าตึกสำนักงานอธิการบดี', 1, 1, NULL, NULL, NULL, '2018-08-10 02:54:52', '2018-08-10 02:54:52');
INSERT INTO `task` VALUES (7, NULL, NULL, NULL, '2018-08-15', '12:00:00', '2018-08-15', '18:00:00', 1, 'สำนักงานอธิการบดี มรภ.เลย', 'ส่งเล่ม', '44', NULL, 3, 'ดร.กร กรก, ผศ.ดร. แข แข', 'กระเป๋าเดินทาง', 'หน้าตึกสำนักงานอธิการบดี', 1, 1, NULL, NULL, NULL, '2018-08-10 09:59:57', '2018-08-10 09:59:57');

-- ----------------------------
-- Table structure for user_info
-- ----------------------------
DROP TABLE IF EXISTS `user_info`;
CREATE TABLE `user_info`  (
  `id` int(11) UNSIGNED NOT NULL,
  `first_name` varchar(80) CHARACTER SET utf8mb4 COLLATE utf8mb4_unicode_ci NOT NULL,
  `last_name` varchar(80) CHARACTER SET utf8mb4 COLLATE utf8mb4_unicode_ci NOT NULL,
  `position` varchar(3) CHARACTER SET utf8mb4 COLLATE utf8mb4_unicode_ci NOT NULL,
  `department` varchar(20) CHARACTER SET utf8mb4 COLLATE utf8mb4_unicode_ci NOT NULL,
  `role` varchar(2) CHARACTER SET utf8mb4 COLLATE utf8mb4_unicode_ci NOT NULL,
  `created_at` timestamp(0) NULL DEFAULT NULL,
  `updated_at` timestamp(0) NULL DEFAULT NULL,
  PRIMARY KEY (`id`) USING BTREE
) ENGINE = InnoDB CHARACTER SET = utf8mb4 COLLATE = utf8mb4_unicode_ci ROW_FORMAT = Compact;

-- ----------------------------
-- Records of user_info
-- ----------------------------
INSERT INTO `user_info` VALUES (1, 'ศุภณัฐ', 'วิสุงเร', '015', '1010203', '01', '2018-06-21 08:42:14', '2018-06-21 08:42:14');

-- ----------------------------
-- Table structure for users
-- ----------------------------
DROP TABLE IF EXISTS `users`;
CREATE TABLE `users`  (
  `id` int(10) UNSIGNED NOT NULL AUTO_INCREMENT,
  `name` varchar(191) CHARACTER SET utf8mb4 COLLATE utf8mb4_unicode_ci NOT NULL,
  `email` varchar(191) CHARACTER SET utf8mb4 COLLATE utf8mb4_unicode_ci NOT NULL,
  `password` varchar(191) CHARACTER SET utf8mb4 COLLATE utf8mb4_unicode_ci NOT NULL,
  `remember_token` varchar(100) CHARACTER SET utf8mb4 COLLATE utf8mb4_unicode_ci NULL DEFAULT NULL,
  `created_at` timestamp(0) NULL DEFAULT NULL,
  `updated_at` timestamp(0) NULL DEFAULT NULL,
  PRIMARY KEY (`id`) USING BTREE,
  UNIQUE INDEX `users_email_unique`(`email`) USING BTREE
) ENGINE = InnoDB AUTO_INCREMENT = 2 CHARACTER SET = utf8mb4 COLLATE = utf8mb4_unicode_ci ROW_FORMAT = Compact;

-- ----------------------------
-- Records of users
-- ----------------------------
INSERT INTO `users` VALUES (1, 'Supanut Wisungre', 'supanut@pcru.ac.th', '$2y$10$avXjx.dVzYCCF9Mq1qOFj.zktTe8T5CxnIhD6C72W.g9QDI0OC.z6', 'KkvU33sSq5UnUmUCAmWGDD3jfRNiyrmNFgqzpCvG26AZydIB1YMjd488W2ez', '2017-11-01 04:51:26', '2017-11-01 04:51:26');

SET FOREIGN_KEY_CHECKS = 1;
